"ChemicalID";"Inchi_Key";"Canonical_Smiles";FDA_Approved
"CHEMBL492934";"AAAAEENPAALFRN-UHFFFAOYSA-N";"COc1cc(C(C)C)c(Oc2cnc(NCCS(=O)(=O)C)nc2N)cc1I";0
"carboline analog, 29";"AAAAKTROWFNLEP-UHFFFAOYSA-N";"CC1CNC(=O)c2[nH]c3ccc(cc3c12)C(=O)N(C)C";0
"CHEMBL221553";"AAABTPAECTZDET-UHFFFAOYSA-N";"Cc1ccc(O)cc1Nc2cc(nc(n2)n3cnc4ccccc34)N5CCOCC5";0
"CHEMBL3105203";"AAADMRIIAVPPNA-UHFFFAOYSA-N";"FC(F)(F)Sc1ccc(cc1)C(=O)N2CCN3C(=O)c4ccccc4C23c5ccccc5";0
"CHEMBL495028";"AAADPBLPXCELKR-UHFFFAOYSA-N";"CN1CCN(Cc2cccc(c2)C(=O)NCc3cccc(c3)c4cccc(CN5CCNCC5)c4)CC1";0
"CHEMBL336100";"AAADQEFQWNJHOZ-UHFFFAOYSA-N";"OC1(N2CCN=C2c3c(F)cccc13)c4ccc(Cl)cc4";0
"CHEMBL1915983";"AAAGFCUDAXPDAA-CIQZPUONSA-N";"COC[C@H]1CCN([C@@H](C)C(=O)N[C@@H](Cc2cc(F)cc(F)c2)[C@H](O)CNCc3cccc(OC)c3)C1=O";0
"CHEMBL474208";"AAAHTCZONLHYSA-UHFFFAOYSA-N";"Nc1ccccc1NC(=O)c2ccc(s2)C(=O)Nc3cccc(Nc4ncc(s4)c5cccnc5)c3";0
"CHEMBL173124";"AAALFTUMOWSRRM-UHFFFAOYSA-N";"NC(=O)C1CCc2c(C1)[nH]c3ccc(Cl)cc23";0
"DAPH";"AAALVYBICLMAMA-UHFFFAOYSA-N";"O=C1NC(=O)c2cc(Nc3ccccc3)c(Nc4ccccc4)cc12";0
"CHEMBL2323020";"AAAMYWMNTPTTKE-ABKXIKBNSA-N";"C[C@@H]1CN(CCN1S(=O)(=O)c2ncc(s2)[C@](O)(C(=O)N)C(F)(F)F)c3ccc(F)cc3C(F)(F)F";0
"CHEMBL2323019";"AAAMYWMNTPTTKE-JDNHERCYSA-N";"C[C@@H]1CN(CCN1S(=O)(=O)c2ncc(s2)[C@@](O)(C(=O)N)C(F)(F)F)c3ccc(F)cc3C(F)(F)F";0
"CHEMBL1760216";"AAANLCCSPMLHMI-UHFFFAOYSA-N";"COc1ccccc1N2CCN(CC2)C(=O)c3cc(n[nH]3)c4ccncc4";0
"CHEMBL293573";"AAAOOWKRAKCLLN-HKJPSFBCSA-N";"CO[C@@H]1O[C@H](COC(=O)\C=C\c2ccc(O)c(O)c2)[C@@H](O)[C@H](OC(=O)\C=C\c3ccc(O)c(O)c3)[C@H]1O";0
"CHEMBL301656";"AAAOOWKRAKCLLN-OSXNDPRKSA-N";"CO[C@H]1O[C@H](COC(=O)\C=C\c2ccc(O)c(O)c2)[C@@H](O)[C@H](OC(=O)\C=C\c3ccc(O)c(O)c3)[C@H]1O";0
"CHEMBL1800663";"AAAOTGDHZDZLFN-UHFFFAOYSA-N";"CONC(=O)Nc1ccc(cc1)c2sc3N(Cc4c(F)cccc4F)C(=O)N(C(=O)c3c2CN(C)CCc5ccccn5)c6ccccc6";0
"GSK 525762A";"AAAQFGUYHFJNHI-SFHVURJKSA-N";"CCNC(=O)C[C@@H]1N=C(c2ccc(Cl)cc2)c3cc(OC)ccc3n4c(C)nnc14";0
"CHEMBL237018";"AAASTTXAYJCATC-UHFFFAOYSA-N";"CCCCCc1ccc(cc1)S(=O)(=O)NCCc2nc([nH]c2c3ccc(OC)cc3)c4ccc(OC)cc4";0
"aminoisoquinoline, 15";"AAAXBDFZRXKRPL-UHFFFAOYSA-N";"CNc1cc(ncn1)c2cccnc2Nc3c(C)ccc4c(Nc5cccc(c5)C#C)nccc34";0
"CHEMBL562537";"AABAPQXESPRCSA-UHFFFAOYSA-N";"CCOC(=O)c1cn2cc(NC(=O)c3ccc(cc3)c4ccc(cc4)C(F)(F)F)ccc2n1";0
"N-(4-methoxybenzyl)oleamide";"AABDRJHZBVPFLI-KHPPLWFESA-N";"CCCCCCCC\C=C/CCCCCCCC(=O)NCc1ccc(OC)cc1";0
"CHEMBL1834807";"AABHSZUTAUSICN-HZJYTTRNSA-N";"CCCCC\C=C/C\C=C/CCCCCCCC(=O)OCCCc1ccc2oc(cc2c1)c3ccc4OCOc4c3";0
"CHEMBL1600410";"AABJEMQLIHBZAW-UHFFFAOYSA-N";"COc1ccc(CN2C(O)c3ncccc3C2=O)cc1";0
"CHEMBL2218356";"AABPDWULYJLDBH-LBPRGKRZSA-N";"CN1[C@@H](CN(C1=O)c2cnccn2)C(=O)NCc3cccc(c3Cl)C(F)(F)F";0
"NSC674257";"AABPSESTZLBZAJ-UHFFFAOYSA-N";"CC(=O)c1nc2ccccc2n1CC(=O)c3ccc(Cl)cc3";0
"MLS000077136";"AABQOSHDRSWHSN-UHFFFAOYSA-N";"CC(=O)Nc1cc(OC(=O)C)c2nonc2c1OC(=O)C";0
"CHEMBL3110000";"AABRILTZMFCPOO-KZNAEPCWSA-N";"ONC(=O)[C@@H]1[C@@H]([C@H]1c2ccc3oc(nc3c2)C4CC4)c5ccccc5";0
"CHEMBL384067";"AABTVDZTFBSBKN-UHFFFAOYSA-N";"COc1cc2CN(C)c3c(Oc4cccc(Br)c4)ncnc3Oc2cc1OC";0
"CHEMBL3110098";"AABXKSSFGQCWAA-HNNXBMFYSA-N";"CCCOc1ccc(N2CCN([C@@H](C)C2)c3noc(CC)n3)c(C)c1";0
"CHEMBL3110097";"AABXKSSFGQCWAA-OAHLLOKOSA-N";"CCCOc1ccc(N2CCN([C@H](C)C2)c3noc(CC)n3)c(C)c1";0
"CHEMBL573523";"AACDPQIFRBEZFP-VMPITWQZSA-N";"COc1cccc(\C=C\C(=O)c2ccc(O)cc2O)c1";0
"CID755673";"AACFPJSJOWQNBN-UHFFFAOYSA-N";"Oc1ccc2oc3C(=O)NCCCc3c2c1";0
"CHEMBL2431025";"AACHNFJXJZIPFX-UHFFFAOYSA-N";"ONC(=O)CNS(=O)(=O)c1ccc(OCc2cc(Br)cc(c2)c3cccnc3)cc1";0
"SCHEMBL4354315";"AACNTOLCQZSBRY-UHFFFAOYSA-N";"Cc1cc(ccc1Oc2ccccc2)c3nc(C4CCC4)n5ccnc(N)c35";0
"1-((2-Nitrophenyl)sulfonyl)piperidine";"AACRWZVDRSTLKY-UHFFFAOYSA-N";"[O-][N+](=O)c1ccccc1S(=O)(=O)N2CCCCC2";0
"CHEMBL3262167";"AACVZUDANADSGF-UHFFFAOYSA-N";"Cl.COc1ccc(NC(=O)N2CCNCC2COc3cccnc3)c(OC)c1";0
"CHEMBL2172180";"AACWQSNBYLQWIF-UHFFFAOYSA-N";"Cc1n[nH]c(C(=O)O)c1CCc2ccc(cc2)c3ccc(F)cc3";0
"Pyrimidin-4-ylacetamide, 26";"AACWUFIIMOHGSO-UHFFFAOYSA-N";"CN(C)CCC(=O)Nc1cc(nc(n1)c2oc(C)cc2)n3nc(C)cc3C";0
"CHEMBL504861";"AACZCKZTUMTPKO-UHFFFAOYSA-N";"CCOc1cccc(c1)n2cc(nc2c3ccc(C)cc3F)C(=O)N4CCN(CC4)c5cc(C(=O)O)c6ccccc6c5";0
"CHEMBL2312045";"AADBLBDNKSDEHY-UHFFFAOYSA-N";"CC(C)(C)c1ccc(OC(=O)N2CCc3c(C2)[nH]c4ccc(O)cc34)cc1";0
"CHEMBL338434";"AADDKLKFCNPPIE-UHFFFAOYSA-N";"CCCCC(=O)Nc1ccc(c(c1)N2N=C(CCCC)N(Cc3ccc(cc3F)c4ccccc4S(=O)(=O)NC(=O)OC(C)(C)C)C2=O)C(F)(F)F";0
"CHEMBL522492";"AADDTKRBTBKAOH-UHFFFAOYSA-N";"COc1ccc(cc1)C2=Nc3ccc(NCc4cc(cc(c4)C(F)(F)F)C(F)(F)F)nc3N(CCNC(=O)C)C2=O";0
"CHEMBL1778127";"AADDZOJHWIKRHN-UHFFFAOYSA-N";"CN(Cc1ccccc1)c2nnnn2c3cccc(Cl)c3Cl";0
"MLS000716936";"AADHNFIRCRYOGZ-UHFFFAOYSA-N";"COc1ccc(C2=NN(c3nc(cs3)C(=O)O)C(O)(C2)C(F)(F)F)c(OC)c1";0
"CHEMBL563152";"AADISMNEXUCPMN-UHFFFAOYSA-N";"Cc1ccc(nc1)c2ccc(Cl)c(c2)C(=O)NCC3(O)CCCC(C)(C)C3";0
"CHEMBL2011480";"AADKPDGTJHDJAJ-KRWDZBQOSA-N";"O=C(Cc1ccc(Cc2ccccc2)cc1)OC[C@@H]3CO3";0
"CHEMBL2011479";"AADKPDGTJHDJAJ-QGZVFWFLSA-N";"O=C(Cc1ccc(Cc2ccccc2)cc1)OC[C@H]3CO3";0
"CHEMBL2011322";"AADKPDGTJHDJAJ-UHFFFAOYSA-N";"O=C(Cc1ccc(Cc2ccccc2)cc1)OCC3CO3";0
"CHEMBL2272979";"AADLHSYKYWGWSL-UHFFFAOYSA-N";"CCC(COc1cccc(c1)C(F)(F)F)OC(=O)NCc2cccc(Cl)c2";0
"CHEMBL1643409";"AADOPWJZQGADEV-IRXDYDNUSA-N";"CC(C)C[C@H](NC(=O)N[C@@H](CCCCNC(=O)OCc1ccccc1)C(=O)NO)C(=O)NO";0
"CHEMBL2016700";"AADREHBCWGMZDZ-UHFFFAOYSA-N";"Cc1nc(nc2ccc(NC(=O)COc3ccc(Cl)cc3)cc12)N4CCN(CC(C)(C)C)CC4";0
"CHEMBL215374";"AADSFGMHGXEQDC-UHFFFAOYSA-N";"CN(C)CC1CN(c2cc(ccc2O1)N3C=Nc4cc(sc4C3=O)c5ccc(Cl)cc5)S(=O)(=O)c6ccccc6";0
"CHEMBL2158292";"AADUJBXZMSDOOW-UHFFFAOYSA-N";"[O-][n+]1ccc(cc1)C(=O)N2CCC(CC2)c3ccc(NC(=O)c4nc(c[nH]4)C#N)c(c3)C5=CCCCC5";0
"SCHEMBL2841361";"AADUQEJYBCZCAP-OUKQBFOZSA-N";"Cc1c(nn(c2nc(\C=C\C(=O)O)cs2)c1c3ccccc3)c4ccccc4";0
"CHEMBL319478";"AADUXTNZXBDKCQ-QZGPFWCRSA-N";"C[C@@H]1Cc2c(OCc3ccc(cn3)c4ccccc4)ccc5c2c([S+]1[O-])c(CC(C)(C)C(=O)O)n5Cc6ccc(Cl)cc6";0
"CHEMBL363338";"AADVGRCQGZZZNH-NPHZLWFCSA-N";"CC(C)C[C@H](CC(=O)[C@H](Cc1ccc(OC(F)(F)C(=O)O)cc1)NC(=O)[C@H](CCC(=O)OCc2ccccc2)NC(=O)OCC3c4ccccc4c5ccccc35)C(=O)N";0
"Isorauhimbinic acid";"AADVZSXPNRLYLV-IIIYPXSQSA-N";"O[C@H]1CC[C@@H]2CN3CCc4c([nH]c5ccccc45)[C@H]3C[C@@H]2[C@@H]1C(=O)O";0
"CHEMBL22618";"AAEBMZQCUQGRHJ-UHFFFAOYSA-N";"OC1(CCC1)c2nc(c3ccc(F)cc3)c([nH]2)c4ccncc4";0
"CHEMBL1332686";"AAEBPMYGFOMJRA-MRVPVSSYSA-N";"C[C@@H]1CN(CCN1)C2=C(Cl)C(=O)N(C2=O)c3ccc(Cl)nc3";0
"CHEMBL1411557";"AAEBPMYGFOMJRA-QMMMGPOBSA-N";"C[C@H]1CN(CCN1)C2=C(Cl)C(=O)N(C2=O)c3ccc(Cl)nc3";0
"CHEMBL2325774";"AAECPRMIYCDXKI-PSXMRANNSA-N";"CN(C)CC[C@H](CSc1ccccc1)Nc2ccc(cc2[N+](=O)[O-])S(=O)(=O)Nc3ccc(cc3)N4CCN(CC4)c5cccc(c5)c6cnn(C)c6c7ccc(Cl)cc7";0
"CHEMBL1096096";"AAEDHMXIOGFEHG-UHFFFAOYSA-N";"Cc1nn(c(C)c1CC(=O)NC(C)(C)c2ccccc2)c3ccccc3";0
"CHEMBL1762411";"AAEIJYARJYLTIS-UHFFFAOYSA-N";"Cc1cc(N)c2cc(NC(=O)c3ccccc3COc4ccc(CNCCCCCCCCCCN)cc4)ccc2n1";0
"CHEMBL338740";"AAEJZGVELWMPGK-UHFFFAOYSA-N";"CCCc1nn(c(C(=O)O)c1Cc2ccc(cc2)c3ccccc3c4nn[nH]n4)c5c(Cl)cccc5Cl";0
"MLS002540734";"AAEUJKNZUMOJDJ-UHFFFAOYSA-N";"[O-][N+](=O)c1ccc(cc1NCc2cccnc2)N3CCN(CC3)S(=O)(=O)c4ccccc4";0
"CHEMBL325198";"AAEVPRISMKXZKU-UHFFFAOYSA-N";"CCCCCCCCc1ccc(CCC(N)CCP(=O)(O)O)cc1";0
"CHEMBL2057501";"AAEYDFXKGIXSDP-UHFFFAOYSA-N";"Cc1nc(c(s1)S(=O)(=O)N2CC(C2)C(=O)N3CCN(CC3)c4ccncc4)C(F)(F)F";0
"CHEMBL250784";"AAEYFXNGALFNCS-UHFFFAOYSA-N";"CN(CCOc1ccc(cc1c2cccc(Cl)c2)c3ccccc3)CC(=O)O";0
"CHEMBL491358";"AAEYHJGXSUBKQJ-UHFFFAOYSA-N";"CCOC(=O)C1=C(C)Nc2nc3CCCCc3c(N)c2C1c4ccc(OC)c(OC)c4";0
"CHEMBL3264640";"AAEYMKAMMSZOMQ-UHFFFAOYSA-N";"CC(C)n1cc(C(=O)Nc2ccc(C)c(c2)S(=O)(=O)N3CCOCC3)c(n1)c4ccc(C)cc4";0
"CHEMBL197566";"AAEYZBWTBCAWLV-UUILKARUSA-N";"OC(=O)Cc1ccc2oc(nc2c1)c3ccc(NC(=O)\C=C\c4ccc(Br)cc4)cc3";0
"T338C Src-IN-1";"AAFALAKLPXVLIO-UHFFFAOYSA-N";"CC(C)n1nc(Cc2cccc(NS(=O)(=O)C=C)c2)c3c(N)ncnc13";0
"MLS000807201";"AAFATYSWBYJIIM-UHFFFAOYSA-N";"Cc1ccccc1Nc2nc(N)nc(CSc3ccc(F)cc3)n2";0
"CHEMBL522158";"AAFIDRUCDKVRAX-UHFFFAOYSA-N";"Clc1ccc(cc1Cl)C2(CCN(C2)C(=O)c3occc3)OCCN4CCC5(CC4)N(CNC5=O)c6ccccc6";0
"MLS000103088";"AAFJMTJWSYZCLD-UHFFFAOYSA-N";"CCCCSC1=C(C#N)C(CC(=O)N1)c2ccccc2C";0
"CHEMBL2442794";"AAFJVGMNCZVUHO-GEYQZXRLSA-N";"COc1cc(cc(OC)c1O)[C@H]2[C@@H]3[C@H](COC3=O)[C@H](Nc4ccc(OCCCCC(=O)NO)cc4)c5cc6OCOc6cc25";0
"CHEMBL404176";"AAFLCIOJXSTSDK-UHFFFAOYSA-M";"[Na+].CCc1cn(c2nc(cs2)C(=O)[O-])c3cc(Cl)ccc13";0
"CHEMBL208901";"AAFLHABTMIJIEE-UHFFFAOYSA-N";"COc1cc(C)c(Sc2cnc(NC(=O)C3CC3)s2)cc1C(=O)N4CCN(CC4)C(=O)CN(C)C";0
"imidazothienopyrazine, 13b";"AAFMUTYTWRBOGE-UHFFFAOYSA-N";"Cc1cnc2c(NCCN)nc3cc(sc3n12)c4ccccc4";0
"CHEMBL1806768";"AAFQEIUAVWYQTJ-UHFFFAOYSA-N";"CN1C(=O)N(C)c2nc(OCCOc3ccc(Br)cc3)n(C)c2C1=O";0
"MLS001110963";"AAFSCBARLTYFOK-UHFFFAOYSA-N";"CCOc1ccc(NCc2cccn2c3nnc(s3)N4CCC(CC4)C(=O)NCCCN5CCCCC5CC)cc1";0
"SCHEMBL3719727";"AAFWZBHKJVDTIK-UHFFFAOYSA-N";"Cc1cccc(C)c1N2CCN(Cc3cccc(Cl)c3Cl)C(=O)C2=O";0
"MLS002177875";"AAFYALRCZZHOMI-UHFFFAOYSA-N";"COc1ccc(cc1)c2cn(CCC(=O)O)c(C)n2";0
"CHEMBL2022656";"AAFYPWXCJRYVKV-ILTCGSTDSA-N";"C[C@]12Cc3cnn(c3C=C1CC[C@H]4[C@@H]5CC[C@](O)(C(=O)CSc6oc7cccnc7n6)[C@@]5(C)C[C@H](O)[C@H]24)c8ccccc8";0
"CHEMBL440413";"AAGCROWGMVRBQK-UHFFFAOYSA-N";"ONC(=O)Nc1ccc(NC(=O)NO)cc1";0
"CHEMBL583230";"AAGFPQMUULEKGM-UHFFFAOYSA-N";"Fc1ccc(cc1)C(=O)Nc2ccc(Cl)c(c2)c3nc4ccccc4[nH]3";0
"CHEMBL10248";"AAGGENJJHKGQRB-UHFFFAOYSA-N";"Cc1ccc2C(=O)OC(=Nc2c1)Nc3ccccc3I";0
"CHEMBL2441218";"AAGGKZQYACEUHR-UHFFFAOYSA-N";"CCOC(=O)C1CCN(CC1)c2ccc(NC(=O)c3oc(nc3C(F)(F)F)c4ccccc4)cn2";0
"CHEMBL2043059";"AAGGVYSSHNZWQJ-ZHZULCJRSA-N";"CCN(CC)CCCCOc1cc2C(=O)\C(=C/c3ccncc3)\Cc2cc1OC";0
"SCHEMBL839212";"AAGISEXHOPCAHZ-KRWDZBQOSA-N";"CC(C)OC[C@H](Oc1ncnc2c1cnn2c3ncccc3Cl)C(=O)Nc4ccc(C)cn4";0
"CHEMBL1835209";"AAGJQHMOJORKRA-GICMHUMYSA-N";"CC(C)[C@H](NC(=O)C)C(=O)N[C@@H](CC(=O)O)C(=O)N[C@@H](C(C)C)C(=O)N[C@@H](C)C(=O)N[C@H]1CC(=O)OC1O";0
"CHEMBL2048906";"AAGKMGNYUYCEPD-UHFFFAOYSA-N";"CC(=O)NCCn1ccc2ncnc(Nc3ccc(Oc4cccc5sncc45)c(Cl)c3)c12";0
"CHEMBL137289";"AAGRTSQWFMWIDF-UHFFFAOYSA-N";"NS(=O)(=O)Oc1ccc2OC(=CC(=O)c2c1)C3CCCCCCCCCCC3";0
"SCHEMBL1194270";"AAGWRBSJRXEYRE-UHFFFAOYSA-N";"Cc1nn(CCN)c(C)c1CC(=O)NCc2ccc(F)cc2Cl";0
"CHEMBL511000";"AAGZFGSRAZMRCS-RRLKWQEHSA-N";"CC1(C)CC[C@@]2(CC[C@]3(C)C(=CC[C@@H]4[C@@]5(C)CC[C@H](O)C(C)(C)[C@@H]5CC[C@@]34C)[C@@H]2C1)C(=O)Nc6ccc(cc6)C(=O)O";0
"CHEMBL151310";"AAHCRDONHPHFSA-WAAYAITMSA-N";"C[C@@H]1CC[C@@H]2[C@H](COC(=O)N(C)C)[C@@]1(C)CC\C(=C\CC[C@@]3(C)O[C@@H]3C2=O)\C";0
"CHEMBL2234327";"AAHDVRRKEJZSPG-UHFFFAOYSA-N";"OC1=C(Sc2ccccc2Cl)C(=O)OC(COc3ccc4ccccc4c3)(C1)c5ccccc5";0
"CHEMBL3291018";"AAHFVXABQPDRND-UHFFFAOYSA-N";"Oc1ccc(CN(CCC2CCN(Cc3ccccc3)CC2)CC#C)c4cccnc14";0
"CHEMBL326066";"AAHGDCOQBZOQPP-UHFFFAOYSA-N";"CC(=O)OC1=C(Sc2ccc(C)cc2n3cccc13)c4ccccc4";0
"CHEMBL1760054";"AAHOZWNLWKBWNN-UHFFFAOYSA-N";"Clc1cccc(Nc2nccc(Nc3cnc4ccccc4c3)n2)c1";0
"CHEMBL1097899";"AAHPRKDUIDQODH-UHFFFAOYSA-N";"CN1CCC(CC1)NC(=O)Nc2ccc(cc2)c3nc(N4CCOCC4)c5cnn(C6CCN(Cc7ccccc7)CC6)c5n3";0
"CHEMBL98911";"AAHQDWBMLVLXAC-UHFFFAOYSA-N";"ONC(=O)CCCCCCC(=O)c1cccnc1";0
"CHEMBL2048238";"AAHSJQYCSXHAGK-UHFFFAOYSA-N";"OP(=O)(O)C(Nc1cncc(c1)c2ccccc2)P(=O)(O)O";0
"CHEMBL1209858";"AAIAIAXTLDUXPE-UHFFFAOYSA-N";"CCCOc1ccc(cc1C(F)(F)F)c2cc3[nH]cnc3c(n2)C#N";0
"CHEMBL561446";"AAICVIMODTZYOT-UHFFFAOYSA-N";"CCCCCCS(=O)(=O)c1cc(Cl)c(C(=O)CCN(C)C)c(Cl)c1";0
"SMR000079762";"AAIFTYZQORXNOX-UHFFFAOYSA-N";"Cn1c(CNC(=O)c2occc2)nnc1SCC(=O)N3c4ccccc4Sc5ccccc35";0
"CHEMBL207502";"AAIHLDQORIUJKB-UHFFFAOYSA-N";"Cc1[nH]c2cc(N)ccc2c1c3ccncc3";0
"CHEMBL74724";"AAIOJDBWRIXHON-UHFFFAOYSA-N";"Cc1nc(O)c2c(ccc3ccc(Cl)cc23)n1";0
"CHEMBL204391";"AAIQXNZXWNXHSX-UHFFFAOYSA-N";"CN1C(=O)C=C(NC(=O)C)c2cc(c3ccc(Cl)cc3)c(nc12)c4ccc(Cl)cc4Cl";0
"MLS000391760";"AAISUDVSXFOHOW-LFIBNONCSA-N";"Cc1ccc2cc(\C=C(/C#N)\C(=O)N)c(nc2c1)N3CCCCC3";0
"CHEMBL2047680";"AAIYXSVMDBVZTF-OQLLNIDSSA-N";"N\N=C(/Cc1ccc(O)c(Br)c1)\C(=O)NCCS";0
"CHEMBL2158994";"AAJCCATVSUSRCY-MDWZMJQESA-N";"CN(C)CCOc1ccc(cc1)C(=O)\C=C\c2ccccc2";0
"MLS-0146264.0001";"AAJFRQZOLGOAOP-UHFFFAOYSA-N";"Clc1c(Cl)c(Cl)c2C(=O)N(C(=O)c2c1Cl)c3ncn[nH]3";0
"CHEMBL1911119";"AAJJPPFJEBWFIA-UHFFFAOYSA-N";"COc1cc(cc2c1nc(C(F)F)n2c3nc(nc(n3)N4CCOCC4)N5CCOCC5)N(C)C";0
"SCHEMBL2558081";"AAJJTYFYVYZEFM-UHFFFAOYSA-N";"Oc1ccccc1CNC(=O)Nc2nc(cs2)c3ccncc3";0
"SCHEMBL2589992";"AAJMBUNHJRDMPE-UHFFFAOYSA-N";"COc1ccc2OCC3(C(=O)Nc4ccccc34)c2n1";0
"CHEMBL297026";"AAJMDXJCRACJMX-HOTGVXAUSA-N";"OCCNCCCC[C@H](N[C@H]1CCc2ccccc2N(CC(=O)O)C1=O)C(=O)O";0
"CHEMBL1258904";"AAJMQTLFRTZCJK-UHFFFAOYSA-N";"CCC(=O)N1CCC(CC1)NC(=O)Nc2ccc(OC(F)(F)F)cc2";0
"CHEMBL222866";"AAJNAPQWOPAZAE-BUROSNQKSA-M";"[Na+].Cc1cccc2sc3nc(\C=C\4/[C@H]5SC=C(N5C4=O)C(=O)[O-])cn3c12";0
"CHEMBL235063";"AAJNWJFLYOFHIB-UHFFFAOYSA-N";"COc1ccc(F)cc1C(C)(C)CC(O)(Cc2ccc(cc2Cl)C#N)C(F)(F)F";0
"N-Benzyldodecanamide";"AAJQYMJRUXQQCP-UHFFFAOYSA-N";"CCCCCCCCCCCC(=O)NCc1ccccc1";0
"CHEMBL478548";"AAJUUVKJDXQMDP-VIFPVBQESA-N";"N[C@@H](CCC(=O)Nc1ccccc1)C(=O)N";0
"CHEMBL204705";"AAKBFDPOXZBIAO-UHFFFAOYSA-N";"O=C1CCCCN1Cc2ccc(OCCCN3CCC(Cc4c[nH]cn4)CC3)cc2";0
"2-(4-morpholinylcarbonyl)-1H-indole";"AAKBKSANSMEPRC-UHFFFAOYSA-N";"O=C(N1CCOCC1)c2cc3ccccc3[nH]2";0
"CHEMBL3233562";"AAKIUXAGDURVCO-NSHDSACASA-N";"O=C(CNC(=O)C1CCNCC1)N2CCC[C@H]2C#N";0
"Erlotinib";"AAKJLRGGTJKAMG-UHFFFAOYSA-N";"COCCOc1cc2ncnc(Nc3cccc(c3)C#C)c2cc1OCCOC";1
"CHEMBL232828";"AAKKTJVHZGBWLJ-AKOOALSVSA-N";"CN(C)c1ccc(cc1)[C@H]2C[C@@]3(C)[C@@H](CC[C@@]3(O)C#Cc4ccncc4)[C@@H]5OCC6=CC(=O)CCC6=C25";0
"CHEMBL1668271";"AAKOOCDMPALFJX-UHFFFAOYSA-N";"Cc1cc(C(=O)Nc2ccc(C)nc2)c3nc(C)nc(N)c3c1";0
"MLS001003216";"AAKOYCVQAYQRIG-JFLMPSFJSA-N";"OC(=O)c1ccc(\C=N\NC(=O)c2ccc(CN3c4cccc5cccc(c45)S3(=O)=O)cc2)cc1";0
"CHEMBL3290124";"AAKPXOAXEDWFEB-UHFFFAOYSA-N";"CCC(=O)Nc1cccc(Nc2ncc(NC(=O)c3cc(NC(=O)c4cccc(c4)C(F)(F)F)ccc3C)cn2)c1";0
"SMR000206655";"AAKUGLDBNILBQK-UHFFFAOYSA-N";"COc1ccc(cc1)N2C(SCC2=O)c3cccc(OC)c3OC";0
"CHEMBL250154";"AAKWBPVWMKFRNF-VFLNYLIXSA-N";"C\C(=N/NC(=S)NCCNc1ccnc2cc(Cl)ccc12)\CC(=O)c3ccc(Cl)c(Cl)c3";0
"CHEMBL2436124";"AALBFEXMHQNKIV-UHFFFAOYSA-N";"CCCCCNCC(O)COc1cc(O)c2C(=O)c3cccc(OC)c3Oc2c1";0
"CHEMBL1170086";"AALHLJWQEACLLK-UHFFFAOYSA-N";"CC(Nc1nc2c(nnn2c3ccsc13)S(=O)(=O)c4ccccc4)c5ccccc5";0
"CHEMBL1083754";"AALHNBNOUAEYHF-UHFFFAOYSA-N";"CNC(=O)Cn1cc(C2CC2)c(Oc3ccc(cc3)C#N)c1C4CC4";0
"CHEMBL2180512";"AALMJZSDFHYBPE-HSZRJFAPSA-N";"CC(C)[C@@H](NC(=O)c1c(C)cccc1C)C(=O)N2CCC(CC2)c3ccc(Cl)cc3";0
"CHEMBL595757";"AALMZTNNZVHOAS-UHFFFAOYSA-N";"COc1ccccc1C(Cc2coc3nc(N)nc(N)c23)C(C)C";0
"CHEMBL7735";"AALNCHNFTKRFEL-UHFFFAOYSA-N";"Oc1ccc2[nH]c(cc2c1)C(=O)c3cc4ccccc4[nH]3";0
"MLS-0240968.0001";"AALPWUGBAOXTOC-UHFFFAOYSA-N";"CCN(CC)CCCNC(=O)CCC(=O)NNc1nc2ccccc2c3nc(C)nn13";0
"CHEMBL3092033";"AALWEEHEAWGIII-UHFFFAOYSA-N";"COc1cc(ccc1Nc2ncc3ccn(c4cccnc4)c3n2)N5CCN(CC5)S(=O)(=O)C";0
"CHEMBL2334782";"AALWXVPCUDHQST-UHFFFAOYSA-N";"O=C(N1C(=O)CC(Sc2ccccc12)c3cccs3)c4ccccc4";0
"CHEMBL179161";"AAMBYTNNYPRBFK-UVTDQMKNSA-N";"Oc1cccc(NC(=O)CCN2C(=S)S\C(=C/c3cccs3)\C2=O)c1";0
"CHEMBL231340";"AAMCCXZHVCUGJS-KEHMHDMQSA-N";"C[C@H]1CN(CCC(C(=O)NCc2cc(cc(c2)C(F)(F)F)C(F)(F)F)c3csc(NC(=O)Cc4ccccn4)n3)CC[C@]15C=Cc6ccccc56";0
"AC1ONHW3";"AAMDCVHRHOUZMA-UHFFFAOYSA-N";"Oc1nc(COC(=O)c2ccc(Cl)s2)nc3ccsc13";0
"CHEMBL2398122";"AAMFNQIXFSURJQ-UHFFFAOYSA-N";"CONC(=O)C1=CCC(N)C1";0
"CHEMBL3260243";"AAMGHFYBPZUVNQ-FPYGCLRLSA-N";"Fc1ccc(\C=C\C(=O)NNC(=O)c2ccc3OCCOc3c2)cc1";0
"CHEMBL2012813";"AAMHUKDMAMABLC-UAGACBDMSA-N";"CCC(=O)CCCCC[C@@H]1NC(=O)[C@H](C)N(C)C(=O)C[C@H](CC(C)C)NC(=O)[C@H](Cc2c[nH]c3ccccc23)NC1=O";0
"MLS000552573";"AAMITCXQIDJONO-UHFFFAOYSA-M";"[I-].C[N+](C)(C)CCOC(=O)C1(CCCC1)c2ccccc2";0
"CHEMBL3112729";"AAMKUWYDJAVAKV-UHFFFAOYSA-N";"COc1ncc(cc1NS(=O)(=O)c2ccc(F)cc2F)C3=Cc4c(C)nc(N)cc4N(C5CCCC5)C3=O";0
"CHEMBL3105694";"AAMMIPIPKCYIRD-UHFFFAOYSA-N";"CCS(=O)(=O)c1ccc(CC(=O)Nc2nc(C)cs2)cc1";0
"CHEMBL1779338";"AAMMMTHCBLGALB-UHFFFAOYSA-N";"CCCn1c(CN2C(=O)COc3c2cc(Cl)cc3[N+](=O)[O-])nnc1c4ccc(Cl)cn4";0
"CHEMBL1173525";"AAMOMFNMMXXVGM-IZZDOVSWSA-N";"CN1C(=N)NC(=O)/C/1=C\c2c[nH]c3ccccc23";0
"CHEMBL3218342";"AAMONVJHYOWATM-MHZLTWQESA-N";"CCCCOC1=C(N(CCc2ccccc2)NC(=O)[C@H](Cc3ccccc3)NC(=O)OCc4ccccc4)C(=O)C1=O";0
"CHEMBL392385";"AAMQCUQQLINFHV-UHFFFAOYSA-N";"CN(C(=O)Oc1ccc(Oc2ccc(cn2)C(F)(F)F)cc1)c3cccc(Cl)c3";0
"2-(4-fluorobenzyl)-6-(4-methylstyryl)-3(2H)-pyridazinone";"AAMSNXJTQPSNDL-DHZHZOJOSA-N";"Cc1ccc(\C=C\C2=NN(Cc3ccc(F)cc3)C(=O)C=C2)cc1";0
"MLS001082080";"AAMSQVJRYREVNT-UHFFFAOYSA-N";"CCN1CCN(CC1)c2ccc(cc2NC(=O)Cc3ccccc3)S(=O)(=O)N4CCCCC4";0
"CHEMBL1097693";"AAMSRIRJJDBNAA-ISIYWYIMSA-N";"C[C@@H](O[C@H]1CN2[C@@H](CC(N)C2=O)[C@@H]1c3ccc(F)cc3)c4cc(cc(c4)C(F)(F)F)C(F)(F)F";0
"CHEMBL603907";"AAMVCIFGAZHOPV-UHFFFAOYSA-N";"Cn1nnc(n1)c2c(F)cc(Cl)cc2c3cnc(CNC(=O)N(O)C4CCCC4)c(F)c3";0
"CHEMBL3092036";"AAMVRRQCSVQBEQ-UHFFFAOYSA-N";"COc1cc(ccc1Nc2ncc3cccc(NC4CCCCC4)c3n2)N5CCOCC5";0
"CHEMBL1780186";"AAMWMZKKZMJUOK-UHFFFAOYSA-N";"CCCCC(Sc1ccc(OCCCOc2ccc(cc2)c3ccccc3)cc1)C(=O)OCC";0
"CHEMBL2270587";"AAMYARFTPGWJFZ-UHFFFAOYSA-N";"CC(C)(C)C1=C(Br)c2nc3ccccn3c2C(=O)C1=O";0
"BAS 00323200";"AAMYPSGMIHVGNJ-UDWIEESQSA-N";"COc1nc(N\N=C\c2oc(cc2)c3cccc(c3)[N+](=O)[O-])nc(n1)N4CCOCC4";0
"CHEBI:69288";"AANADYPLGVVCHK-DLQUUWTKSA-M";"[Na+].CO[C@H]1OC(=O)C(=C1)CC[C@H]2\C(=C\OS(=O)(=O)[O-])\CC[C@H]3[C@]2(C)CC[C@H]4C(C)(C)CCC[C@]34C";0
"CHEMBL1083454";"AANHDPNKSQAGIM-UHFFFAOYSA-N";"Cn1cc2c(CCc3c2c4C(=O)NCc4c5c6cc(ccc6n(C7CCCC7)c35)C8CCCCO8)n1";0
"UNII-UOR82EXA9D";"AANJEOKXWMXQIE-UHFFFAOYSA-N";"CCCc1nn(C)c2c(O)nc(nc12)c3cc(ccc3OCC)C(=O)CN4CCOCC4";0
"AC1LH9H8";"AANJTRKLHIXTQA-UHFFFAOYSA-N";"COc1ccc(CNc2ccc(cc2)S(=O)(=O)N)cc1";0
"CHEMBL3263023";"AANOMZQEAPYXAF-UHFFFAOYSA-N";"CC(C)Oc1ccc(cc1NC(=O)c2cnccn2)N3CCN(Cc4ccccc4)CC3";0
"CHEMBL429247";"AANVAJYRZQWBOW-UHFFFAOYSA-N";"COc1cccc(CNC(=O)c2cc3C(=O)N(Cc4ccc(cc4)C(=O)O)C=Nc3cn2)c1";0
"CHEMBL1688881";"AANWVQVQZDEWDD-UHFFFAOYSA-N";"O=C(NC(=O)c1ccc2OCOc2c1)Nc3cccc(c3)c4ccccc4";0
"CHEMBL202839";"AANXPIMDONQTQF-HNNXBMFYSA-N";"CC1(C)SCCN([C@H]1C(=O)NO)S(=O)(=O)c2ccc(OCC#CCN)cc2";0
"CHEMBL3216119";"AAOAGEBZCSUMBQ-UHFFFAOYSA-N";"Cl.Cl.CCN(C)CCN1CCCc2cc(NC(=N)c3cccs3)ccc12";0
"CHEMBL1819506";"AAODAPWBBKJMEX-UHFFFAOYSA-N";"CN(CC1(CCCCC1)c2ccc(F)cc2)C(=O)C3CCN(Cc4ccccc4)CC3";0
"MLS000526436";"AAODAXBGVQWVMB-UDWIEESQSA-N";"C\C(=N/NC(=S)N)\CC1CC2=C(CC1(C)C)C(C)(C)CCC2";0
"CHEMBL310369";"AAOGRFLITNLSTM-OAQYLSRUSA-N";"COC(=O)NC1CCN(CC[C@H](CN(C)S(=O)(=O)c2ccccc2)c3ccccc3)CC1";0
"CHEMBL593436";"AAOJAMJIDLDOCS-LBPRGKRZSA-N";"CC(C)[C@H](C(=O)Nc1occn1)c2ccc(Cl)cc2";0
"CHEMBL377804";"AAOMCRXLZYHHET-UHFFFAOYSA-N";"CN1CCCC1CCOc2ccccc2S(=O)(=O)Nc3ccc4CCCCc4c3C(=O)O";0
"CHEMBL30275";"AAONCJIIKCSWIL-UHFFFAOYSA-N";"CCN1CCc2c(C)c(CC(C)N)ccc12";0
"CHEMBL1080117";"AAONJNLMLWRZJE-UHFFFAOYSA-N";"Cc1ccc2c(cccc2n1)c3nnc(SCCCN4CC5CC5(C4)c6ccc(Cl)cc6)n3C";0
"CHEMBL1095770";"AAOOPKUWOUCKMS-SVPMCJQISA-N";"COc1ccccc1C2N3C(=NC4=C2CCc5ccccc45)S\C(=C/c6ccc(\C=C\C(=O)O)cc6)\C3=O";0
"MLS001017528";"AAORDTZDTMACMK-UHFFFAOYSA-N";"[O-][N+](=O)c1ccc(s1)C(=O)OCC(=O)NC(=O)NCc2ccccc2";0
"CHEMBL2407630";"AAOSHCZHKBUIHB-UHFFFAOYSA-N";"O=C(NC1(C2CC3CC(CC1C3)C2)C(=O)NC4CC4)c5ccccc5";0
"NSC699167";"AAOUHTYFBALOPI-MKICQXMISA-N";"CC(=O)Oc1ccc(\C=C\C(=O)NCCOC(=O)\C=C\c2ccc(OC(=O)C)c(OC(=O)C)c2)cc1OC(=O)C";0
"diazepam";"AAOVKJBEBIDNHE-UHFFFAOYSA-N";"CN1C(=O)CN=C(c2ccccc2)c3cc(Cl)ccc13";1
"CHEMBL2205042";"AAOXNOFJAOMEGO-UHFFFAOYSA-N";"Cl.COc1ccc(Sc2ccccc2N3CCNCC3)cc1";0
"CHEMBL217751";"AAOYBQGKRBCNLH-UHFFFAOYSA-N";"Nc1ccc2cc(NC(=O)CCc3ccc(cc3)C(F)(F)F)ccc2n1";0
"Dibromosalicil";"AAOYLOCWJSLLJU-UHFFFAOYSA-N";"Oc1ccc(Br)cc1C(=O)C(=O)c2cc(Br)ccc2O";0
"CHEMBL2377453";"AAPCFZNITYDUBV-KJXAQDMKSA-N";"CC(C)CCC[C@@H](C)[C@H]1CCC2=C(CCC[N+](C)(C)[O-])CCC[C@]12C";0
"CHEMBL233154";"AAPDNXUVDULJII-UHFFFAOYSA-N";"CN(C)c1cc(oc1C(=O)N=C(N)N)c2cccc(Cl)c2";0
"CHEMBL3093396";"AAPFSKSRMZARSC-KRWDZBQOSA-N";"OC(=O)c1cc(ccc1N2CC[C@@H](C2)OCCOCc3ccccc3)C(F)(F)F";0
"Aldisin";"AAPGLCCSVSGLFH-UHFFFAOYSA-N";"O=C1CCNC(=O)c2[nH]ccc12";0
"SMR000201580";"AAPHQYXAECGYTE-UHFFFAOYSA-N";"Cc1ccccc1NC(=O)Nc2nc3ccc(cc3s2)S(=O)(=O)C";0
"CHEMBL218819";"AAPJLBRICCNLJH-UHFFFAOYSA-N";"CC(C)(C)OC(=O)NC(CC(=O)NO)Cc1ccccc1";0
"CHEMBL1803008";"AAPKMLWLODKOBC-UHFFFAOYSA-N";"CS(=O)(=O)Nc1ccc2C=Cc3ncc(cc3C(N4CCCC4)c2c1)c5ccccc5";0
"CHEMBL1253838";"AAPMNKHOEMXGDK-UHFFFAOYSA-N";"COCCn1ccc2ncnc(Oc3ccc(NC(=O)Nc4cccc(c4)C(F)(F)F)c(Cl)c3)c12";0
"MLS000065772";"AAPNAISFQCCYES-UHFFFAOYSA-N";"CCSc1nnc(NC(=O)c2cc3CCCCc3s2)s1";0
"CHEMBL2111594";"AAPPTVQRFKMVTR-CYBMUJFWSA-N";"COC(=O)[C@@H](C)NC(=O)Cc1c(C)n(C(=O)c2ccc(Cl)cc2)c3ccc(OC)cc13";0
"CHEMBL2112399";"AAPPTVQRFKMVTR-ZDUSSCGKSA-N";"COC(=O)[C@H](C)NC(=O)Cc1c(C)n(C(=O)c2ccc(Cl)cc2)c3ccc(OC)cc13";0
"CHEMBL2316539";"AAPVCQWLJSSUGW-UHFFFAOYSA-N";"Cc1ccccc1OCCSc2nc3ccccc3[nH]2";0
"CHEMBL375428";"AAQCZWGHNUPNMG-UHFFFAOYSA-N";"CC(C)c1noc(c2ccc(F)cc2)c1c3ccncc3";0
"MLS001218835";"AAQDANSDDLBBNH-UHFFFAOYSA-N";"COc1ccc(cc1)N(C(C(=O)NC2CCCC2)c3ccc4ncccc4c3)C(=O)c5snc(C(=O)N)c5N";0
"CHEMBL1081848";"AAQLJZYGMSAENP-UHFFFAOYSA-N";"Clc1cccc(c1)C(=O)Nc2cccc(NC(=O)C3CCCCC3)c2";0
"MLS000588017";"AAQNIDPVFJWWOB-UHFFFAOYSA-N";"COc1ccc(cc1)c2nnc(Nc3ccc(cc3)S(=O)(=O)Nc4nccs4)c5ccccc25";0
"MLS000054353";"AAQPJNXQFGYYCM-UHFFFAOYSA-N";"Cc1onc(c1C(=O)OCC(=O)NCc2occc2)c3c(F)cccc3Cl";0
"CHEMBL475102";"AAQZXVRCCVUUEJ-UHFFFAOYSA-N";"CN(CCCCCC(=O)Nc1cccc(c1)c2ccccc2)S(=O)(=O)N";0
"CHEMBL488069";"AAQZZAVVFRIEOD-UHFFFAOYSA-N";"CN(C)Cc1ccc(cc1Oc2ccc(Cl)c(Cl)c2)C(F)(F)F";0
"CHEMBL309922";"AARBZINJGYTIMT-UHFFFAOYSA-N";"CN(CC(CCN1CCC(CC1)NC(=O)NCc2ccccc2)c3ccccc3)S(=O)(=O)c4ccccc4";0
"CHEMBL2070328";"AARCKJCHDVEVDV-UHFFFAOYSA-N";"CCCCC(CC)OC(=O)CCCNC(=O)NC12CC3CC(CC(C3)C1)C2";0
"CHEMBL572080";"AARCRFRELZYFFF-RXFWQSSRSA-N";"C[C@H](NC(C)(C)C(=O)Nc1cc(on1)c2ccccc2)[C@@H](Cc3ccc(Cl)cc3)c4cccc(c4)C#N";0
"CHEMBL1412060";"AARFYULSFOAWTK-UHFFFAOYSA-N";"COc1ccc(cc1)N2CCN(CC2)C3=C(Cl)C(=O)N(C3=O)c4cccc(OC)c4";0
"CHEMBL485685";"AARHPAICPBZNBZ-UHFFFAOYSA-N";"O=C(NCC1CCCCC1)Oc2cccc(c2)c3ccccc3";0
"CHEMBL2443370";"AARJXZHQDZOZNY-UHFFFAOYSA-N";"CC1=C(C(C(=C(C)N1)C(=O)Nc2nc(C)cs2)c3occc3)C(=O)Nc4nc(C)cs4";0
"Quinoxalinone deriv. 6g";"AARKCCTUFHJGQG-UHFFFAOYSA-N";"Fc1ccc2NC(=O)C(C#CC3CC3)(N(CC4CC4)c2c1)C(F)(F)F";0
"5-(1,3-diphenylimidazolidin-2-yl)-2-methoxyphenol";"AARKQWCTGNOAHP-UHFFFAOYSA-N";"COc1ccc(cc1O)C2N(CCN2c3ccccc3)c4ccccc4";0
"MLS000050442";"AAROASKGPHUWKQ-UHFFFAOYSA-N";"O=C(CN1C=Nc2sc(cc2C1=O)c3ccccc3)NCc4occc4";0
"MLS000834577";"AARPICOGFQNQEW-IZVMNLJQSA-N";"CCO[C@H]1OC(=C[C@H]([C@@H]1CCCO)c2ccc(cc2)C#C)C(=O)NCc3nc4ccccc4[nH]3";0
"CHEMBL2180998";"AARPXDCRBCEZAI-UVTDQMKNSA-N";"ONC(=O)\C(=C/c1ccccc1)\C(=O)NCc2ccncc2";0
"CHEMBL73713";"AARQCGICUZZJNV-UHFFFAOYSA-N";"Nc1cccc2c1ccc3nc(N)nc(O)c23";0
"CHEMBL473024";"AARSJXWSYLCBSH-UHFFFAOYSA-N";"Nc1ncnc2c1c(cn2c3ccc(OCCNCCO)cc3)c4ccc(O)cc4";0
"BAS 00435095";"AARUNXNNAZIAQK-UHFFFAOYSA-N";"COc1ccc(CNC(=O)c2cc3nc(cc(n3n2)C(F)(F)F)c4cccs4)cc1";0
"CHEMBL2402948";"AARWBLSNYKXRJZ-UHFFFAOYSA-N";"NC1CCC(CC1)Nc2nc(NCc3ccccc3N)c4ncn(C5CCCC5)c4n2";0
"CHEMBL3287205";"AARWDDKVRQFBKD-UHFFFAOYSA-N";"Fc1ccc(CN2C(=O)CS(=O)(=O)c3cccnc23)cc1OC(F)(F)F";0
"isothiazole, 10b";"AARWOJHWGOYIRM-UHFFFAOYSA-N";"NC(=O)c1c(SCc2ccc(Cl)cc2)nsc1Nc3ccccn3";0
"CHEMBL593524";"AARWSPQTOOQDHJ-DHZHZOJOSA-N";"COc1cc(O)c(cc1OC)C(=O)\C=C\c2ccc(cc2)N3CCCCC3";0
"CHEMBL491050";"AASDOETWBYSNMM-OAHLLOKOSA-N";"COc1cc(cc(OC)c1OC)C(=O)N[C@H](CCC(=O)O)C(=O)Nc2ccc(F)cc2";0
"CHEMBL1946121";"AASDZFLETHTKKS-UHFFFAOYSA-N";"CCCCCCc1ccc(cc1)c2csc(NC(=O)Cn3ccc4N(C)C(=O)N(C)C(=O)c34)n2";0
"CHEMBL195203";"AASFDIYMKVKTAW-ISLYRVAYSA-N";"CCN(CC)CCCC(C)Nc1nc(\C=C\c2ccccc2)nc3ccccc13";0
"STK854225";"AASFVLVHAXPEOP-UHFFFAOYSA-N";"O=C1NC(=S)NC(=O)C1=Cc2oc(Sc3ccccc3)cc2";0
"CHEMBL1673327";"AASHFFLMTFAAAQ-UHFFFAOYSA-N";"COC(OC)c1ccc(C#N)c(SCC(=O)c2ccc(Cl)cc2)n1";0
"132686-99-8";"AASJIDSEQRFGHQ-UHFFFAOYSA-N";"CCOC(=O)CN1c2ccccc2N(C)C(=O)c3cccnc13";0
"2-(6-ethyl-6-methyl-4-oxo-5,8-dihydro-4H-pyrano[4',3':4,5]thieno[2,3-d][1,2,3]triazin-3(6H)-yl)-N-phenylacetamide";"AASLZBSUJFQVCT-UHFFFAOYSA-N";"CCC1(C)Cc2c(CO1)sc3N=NN(CC(=O)Nc4ccccc4)C(=O)c23";0
"CHEMBL266689";"AASOLHFTXGKYIT-HTOGEZAYSA-M";"[Na+].CC(=O)OCC1=C(N2[C@@H](\C(=C/C(C)(C)C)\C2=O)S(=O)(=O)C1)C(=O)[O-]";0
"CHEMBL2348736";"AASSEJKCAXVCCF-UHFFFAOYSA-N";"Clc1nnc(NC(=O)c2ccccc2)cc1c3ccccc3";0
"CHEMBL556669";"AASSITCVMHLTIO-MDZDMXLPSA-N";"Cc1ccc(cc1\C=C\n2cnc3c(NC4CC4)ncnc23)C(=O)Nc5cc(on5)C(C)(C)C";0
"CHEMBL2407493";"AASYDZTXTVEBFE-FCHUYYIVSA-N";"O[C@H](CNCc1cccc(c1)C(F)(F)F)[C@@H]2Cc3cc(F)cc(OCCCCC(=O)NCC(=O)N2)c3";0
"CHEMBL1213670";"AASZTKIVNWYIER-HJOGWXRNSA-N";"CC(C)C[C@H](NC(=O)CN1C(=O)CC[C@H](NC(=O)[C@@H](N)Cc2ccccc2)C1=O)C(=O)OCc3ccccc3";0
"6-Amino-2-[(4-methoxyphenyl)sulfinyl]benzenecarbonitrile";"AATAIRNDADQFCI-UHFFFAOYSA-N";"COc1ccc(cc1)[S+]([O-])c2cccc(N)c2C#N";0
"CHEMBL455588";"AATALYIJLBSKKQ-UHFFFAOYSA-N";"COCCN(CCOC)c1nc(C)nc2c(c(C)nn12)c3ccc(OC)cc3";0
"KU-0060648";"AATCBLYHOUOCTO-UHFFFAOYSA-N";"CCN1CCN(CC(=O)Nc2ccc(c3cccc4C(=O)C=C(Oc34)N5CCOCC5)c6sc7ccccc7c26)CC1";0
"STK241799";"AATCEPCJGAEHLZ-VAWYXSNFSA-N";"CC(C)N(Cc1onc(n1)c2cccc(C)c2)C(=O)\C=C\c3ccccc3Cl";0
"CHEMBL491393";"AATCVLWFSZDJGG-UHFFFAOYSA-N";"CSc1ccc(Oc2ccncc2CN(C)C)cc1Cl";0
"MLS001004256";"AATGUDIHSLEHQR-UHFFFAOYSA-N";"[O-][N+](=O)c1ccccc1NC(=O)COC(=O)CCC(=O)c2cccs2";0
"MLS000107173";"AATHMCGKYVGPJC-UHFFFAOYSA-N";"CCC(=O)OCCN1C(=O)c2cc3C(=O)N(CCOC(=O)CC)C(=O)c3cc2C1=O";0
"[gamma-lactam4,5]PACAP38";"AATIGMNUKQVYKM-LWSGJTSESA-N";"CSCC[C@H](NC(=O)[C@H](CCC(=O)N)NC(=O)[C@H](CCCCN)NC(=O)[C@H](CCCNC(=N)N)NC(=O)[C@H](Cc1ccc(O)cc1)NC(=O)[C@H](CCCNC(=N)N)NC(=O)[C@H](CO)NC(=O)[C@H](Cc2ccc(O)cc2)NC(=O)[C@H](CO)NC(=O)[C@H](CC(=O)O)NC(=O)[C@@H](NC(=O)[C@H](Cc3ccccc3)NC(=O)[C@H](CC(C)C)N4CC[C@H](NC(=O)[C@H](CC(=O)O)NC(=O)[C@H](CO)NC(=O)[C@@H](N)Cc5cnc[nH]5)C4=O)[C@@H](C)O)C(=O)N[C@@H](C)C(=O)N[C@@H](C(C)C)C(=O)N[C@@H](CCCCN)C(=O)N[C@@H](CCCCN)C(=O)N[C@@H](Cc6ccc(O)cc6)C(=O)N[C@@H](CC(C)C)C(=O)N[C@@H](C)C(=O)N[C@@H](C)C(=O)N[C@@H](C(C)C)C(=O)N[C@@H](CC(C)C)C(=O)NCC(=O)N[C@@H](CCCCN)C(=O)N[C@@H](CCCNC(=N)N)C(=O)N[C@@H](Cc7ccc(O)cc7)C(=O)N[C@@H](CCCCN)C(=O)N[C@@H](CCC(=O)N)C(=O)N[C@@H](CCCNC(=N)N)C(=O)N[C@@H](C(C)C)C(=O)N[C@@H](CCCCN)C(=O)N[C@@H](CC(=O)N)C(=O)N[C@@H](CCCCN)C(=O)N";0
"CHEMBL1836818";"AATMJBOMIKKYFF-UHFFFAOYSA-N";"CN(C)CCNc1ccc2nc(C)n3c4ccc(Br)cc4C(=O)c1c23";0
"CHEMBL2407175";"AATNRUXRJQIOEV-UHFFFAOYSA-N";"CCCN1C(=O)CC2(CCN(CC3CCN(CC3)C(=O)OCC)CC2)c4cccnc14";0
"CHEMBL354033";"AATOPLAJLQECRD-UHFFFAOYSA-N";"Nc1ncnc2c1c(cn2C3CCNC3)c4ccc(O)cc4";0
"AF 353";"AATPYXMXFBBKFO-UHFFFAOYSA-N";"COc1cc(C(C)C)c(Oc2cnc(N)nc2N)cc1I";0
"CHEMBL2334287";"AATRABILWFVXRE-UHFFFAOYSA-N";"COc1ccc(cc1)C(N)C2=Nc3ccc(cc3C(=O)N2)c4c[nH]nc4C";0
"CHEMBL3297950";"AATRJMCVLUZFSH-UHFFFAOYSA-N";"COc1ccc(Nc2oc3c(cccc3n2)c4c(F)cccc4OC)cc1N";0
"CHEMBL241856";"AATUHPZQANSFHE-AWWWNVPUSA-N";"CN(CCCCCCCCCCN(C)CCC(=O)N1CCC[C@@H]2[C@@H]3CC4=C(C=CC(=O)N4)[C@]12CC(=C3)C)CCC(=O)N5CCC[C@@H]6[C@@H]7CC8=C(C=CC(=O)N8)[C@]56CC(=C7)C";0
"Bis(18)-Huperzine B";"AATUHPZQANSFHE-NKUZXIPXSA-N";"CN(CCCCCCCCCCN(C)CCC(=O)N1CCC[C@@H]2C3CC4=C(C=CC(=O)N4)[C@]12CC(=C3)C)CCC(=O)N5CCC[C@@H]6C7CC8=C(C=CC(=O)N8)[C@]56CC(=C7)C";0
"AH-487/15274063";"AATWKLVUXYLCNY-DEDYPNTBSA-N";"CC1=NN(C(=O)/C/1=C/c2oc(cc2)c3ccc(C)c(c3)C(=O)O)c4ccccc4";0
"MLS000761483";"AATWULBPEFPAGD-UHFFFAOYSA-N";"Oc1c(ccc2cccnc12)C(N3CCCC3)c4ccccc4Cl";0
"CHEMBL107225";"AAUBJZPZEKVWOC-XFFZJAGNSA-N";"OC(=O)c1ccc2NC(=O)\C(=C/c3ccc[nH]3)\c2c1";0
"MLS000045276";"AAUFIERBXVEOEY-UHFFFAOYSA-N";"O=C(Nc1ccc2OCOc2c1)c3cccc4CN(Cc5cccnc5)C(=O)c34";0
"KYS-05064";"AAULUGZZFCAQJP-UHFFFAOYSA-N";"CCN1C(CC(=O)NCc2ccc(NS(=O)(=O)c3ccc(C)cc3)cc2)c4ccccc4N=C1N5CCCCC5";0
"MLS001177987";"AAUMWNSHXIIZSU-UHFFFAOYSA-N";"CCNC(C(=O)c1c[nH]c2c(CC)cccc12)c3ccccc3";0
"SCHEMBL729458";"AAUOKRAJRPXVIO-UHFFFAOYSA-N";"COc1cccc(c1)c2cc(F)c(Nc3ncccc3C(=O)O)cc2F";0
"CHEMBL20053";"AAUOYPBRKRLEND-GSDHBNRESA-N";"OC(=O)[C@H](Cc1c[nH]c2ccccc12)NC(=O)[C@H](Cc3ccccc3)NC(=O)[C@@H](S)Cc4ccccc4";0
"CHEMBL2420312";"AAUUQPVYBGHMCE-UHFFFAOYSA-N";"O=C(CN1CCCNCC1)Nc2ccc(c3cccc4C(=O)C=C(Oc34)N5CCOCC5)c6sc7ccccc7c26";0
"CHEMBL2170649";"AAUUVWFQQFOZHJ-UHFFFAOYSA-N";"NC(=N)NC(=O)c1ccc(C2CCN(CC2)C(=O)c3ccc(cc3)c4ocnc4)c(c1)C(F)(F)F";0
"CHEMBL2332926";"AAVDYCALQCJXLM-UHFFFAOYSA-N";"CCCc1cc(ccc1C(=O)N2CCOc3ccc(cc3C2)c4ccc5nc[nH]c5c4)S(=O)(=O)C";0
"CHEMBL389993";"AAVFOEZVLSCOIZ-UHFFFAOYSA-N";"CC(C)CN1C(SCC1=O)c2ccncc2c3ccc(Br)cc3";0
"CHEMBL1203889";"AAVGRLPHHMEEKP-TVLOEWINSA-N";"Cl.Cl.O[C@@H]1CCN(Cc2ccccc2)C[C@H]1N3CCC(CC3)c4ccccc4";0
"CHEMBL199625";"AAVGYEROXZEBTI-UHFFFAOYSA-N";"CC(C)(C)N1CCC(CC1)c2cc3N(C(=O)C=Cc3c(n2)c4ccc(F)cc4F)c5c(Cl)cccc5Cl";0
"MLS001250385";"AAVLLOQMPXZIFJ-GOSISDBHSA-N";"COC(=O)N1N(C(=O)OC)[C@](C2CCCCC2)(C1=O)c3ccccc3";0
"SR-01000786815";"AAVLLOQMPXZIFJ-SFHVURJKSA-N";"COC(=O)N1N(C(=O)OC)[C@@](C2CCCCC2)(C1=O)c3ccccc3";0
"CHEMBL393467";"AAVLMTXPFUGOSG-VZUCSPMQSA-N";"NC(=S)N\N=C\c1ccccc1F";0
"NSC686772";"AAVLSVZUEVDXAO-UHFFFAOYSA-N";"Sc1cc(Cl)ccc1S(=O)(=O)Nc2nnc3c4ccccc4cnn23";0
"CHEMBL599731";"AAVLZBRYSUDDNJ-UHFFFAOYSA-N";"OC(C1CCN(CC1)C(=O)Oc2ccc(cc2)[N+](=O)[O-])(c3ccc(Cl)cc3)c4ccc(Cl)cc4";0
"MLS000113955";"AAVMFXCTHZZIFE-UHFFFAOYSA-N";"COC(=O)c1sccc1NC(=O)c2oc(Br)cc2";0
"MLS001164598";"AAVOXWIZJYSGEP-XLNRJJMWSA-N";"CN(C)CCCNC(=O)\C(=C\c1oc(cc1)c2ccccc2[N+](=O)[O-])\NC(=O)c3ccc(C)cc3";0
"1-hydroxy-3-phenylurea";"AAVSQBMWOCNSDL-UHFFFAOYSA-N";"ONC(=O)Nc1ccccc1";0
"CHEMBL330570";"AAVVKVVWHPCJSK-CSOJFCJSSA-N";"CN(C[C@@H](CCN1CCC2(CC1)C[S+]([O-])c3ccccc23)c4ccc(Cl)c(Cl)c4)S(=O)(=O)c5ccc(cc5)c6ccccc6";0
"CHEMBL447275";"AAVVXYJNWGIBPT-UHFFFAOYSA-N";"Cc1cc(COc2ccc(cc2)S(=O)(=O)C3(CCN(Cc4ccc(Cl)c(Cl)c4)CC3)C(=O)NO)c5ccccc5n1";0
"CHEMBL574261";"AAWCGROUIUANBA-UHFFFAOYSA-N";"CCCSc1nc2nc3CC4CC(CC(=C4)C)c3c(N)c2s1";0
"CHEMBL589341";"AAWCULUAQOJFJX-HGIWEUDGSA-N";"OC[C@@H]1[C@@H](O)[C@H](O)[C@@H](O)CN1CCCNC(=O)CCC(=O)c2ccc(OCC#C)cc2";0
"CHEMBL219438";"AAWJIJMPSSIGCQ-UHFFFAOYSA-N";"ONCC(=O)Cc1c[nH]c2cc(Br)ccc12";0
"CHEMBL551570";"AAWMAJBBHSVQCG-UHFFFAOYSA-N";"COc1nc(C)cc2N(CCc3ccccc3)CCc4c([nH]c5cc(ccc45)N6CCN(C)CC6)c12";0
"CHEMBL2286696";"AAWRCBWYNSEVTD-UEUMJKGWSA-N";"[O-][N+](=O)\N=C/1\N(CCCOCCCN2CCN(Cc3ccc(Cl)nc3)/C/2=N/[N+](=O)[O-])CCN1Cc4ccc(Cl)nc4";0
"CHEMBL3103399";"AAWRJHGZUXIYDA-UHFFFAOYSA-N";"C(N1c2ccccc2C=Cc3ccccc13)c4ccccc4";0
"CHEMBL2178717";"AAWSEFDIDJLXJF-JTSKRJEESA-N";"CN1C(=N)N[C@]2(CN(C[C@H]2C1=O)c3ncccn3)c4cc(cs4)c5cccc(c5)C#N";0
"4-Aminoquinoline, 18";"AAWSSVSJWJZZBJ-UHFFFAOYSA-N";"Clc1ccc2c(NCCCNCCC34CC5CC(CC(C5)C3)C4)ccnc2c1";0
"CHEMBL231713";"AAWUYHSAVNUPEU-SRFLYUCYSA-N";"Fc1ccc2[C@H](\C=C\c3ccc(cn3)c4cccc(Cl)c4)[C@H]5COC(=O)[C@H]5Cc2c1";0
"CHEMBL37842";"AAWWSWAOXUPEEG-UHFFFAOYSA-N";"CCN1c2nccc(Cl)c2NC(=O)c3cccnc13";0
"CHEMBL213366";"AAWZZJKNYPHEQF-QOWZYKSGSA-N";"CCN[C@H](CN[C@H](CN[C@H](CN[C@H](CN[C@@H](CN1CCC[C@H]1CN)[C@@H](C)O)Cc2ccccc2)Cc3ccccc3)Cc4ccc(O)cc4)Cc5ccc(O)cc5";0
"CHEMBL211342";"AAXBXXDKDYKQMX-NTEUORMPSA-N";"Nc1ccccc1NC(=O)\C=C\c2ccc(NCc3ccc(OC(F)(F)F)cc3)cc2";0
"CHEMBL2069361";"AAXCNJIPLAHVFJ-UHFFFAOYSA-N";"Cc1ccnc(Nc2cccc(n2)c3cccnc3)c1";0
"CHEMBL179723";"AAXDKCSQCFEDKK-UHFFFAOYSA-N";"CS(=O)(=O)c1ccc(C=C(c2ccc(F)cc2)c3ccc(F)cc3)cc1";0
"CHEMBL1927206";"AAXDSXQOIOVALR-UHFFFAOYSA-N";"OC(=O)c1cccc(c1)N2C=C(NC2=S)C3=Cc4cccc(O)c4OC3=O";0
"3-aryl isoxazole analog, 6c";"AAXFUEIVDMVUPT-BQYQJAHWSA-N";"CC(C)c1onc(c1COc2ccc(\C=C\c3cccc(c3)C(=O)O)c(Cl)c2)c4ccc(cc4Cl)S(=O)(=O)C";0
"CHEMBL100415";"AAXGNXOJOSOUQQ-SANMLTNESA-N";"CCCCN(Cc1cncn1Cc2ccc(cc2)C#N)[C@H]3CCN(Cc4ccccc4)C3=O";0
"Ethyl 3-(4-chlorophenyl)-1H-pyrazole-5-carboxylate";"AAXKEDUSKXDFJA-UHFFFAOYSA-N";"CCOC(=O)c1cc(n[nH]1)c2ccc(Cl)cc2";0
"CHEMBL254945";"AAXKPQBGHZNCOJ-UHFFFAOYSA-N";"Cc1cc(CC(=O)O)c(C)cc1COc2cccc(c2)c3c(Cc4ccccc4)cnc5c(cccc35)C(F)(F)F";0
"CHEMBL1766557";"AAXKYGHMWDRPPR-XYOKQWHBSA-N";"COc1ccc(\C=C\2/COc3ccccc3C2=O)cc1O";0
"CHEMBL156307";"AAXLFCQNXVFETP-UHFFFAOYSA-N";"CCCCc1nnc(n1Cc2ccc(cc2)c3ccccc3c4nn[nH]n4)S(=O)(=O)C";0
"CHEMBL1738764";"AAXNCGQOXAXDOW-UHFFFAOYSA-N";"CC(C)N(c1ccnc(Nc2cc(cc(c2)S(=O)(=O)C)N3CCOCC3)n1)c4cc(CO)ccc4C";0
"CHEMBL107359";"AAXNUNXDIMWRLT-UHFFFAOYSA-N";"ONC(=O)C1COC(=N1)c2cnn(c3ccccc3)c2C(F)(F)F";0
"CHEMBL2153673";"AAXPOBDAMCGNNF-JKGBFCRXSA-N";"NC(=O)[C@@H](N\C(=N/S(=O)(=O)c1ccc(Cl)cc1)\N2CC(C(=N2)c3ccc(Cl)cc3)c4ccccc4)C5CCC5";0
"CHEMBL200356";"AAXPYVOHUVYIFH-UHFFFAOYSA-N";"CCC1(CC(=O)O)OCCc2c1oc3c(Cl)ccc(Cl)c23";0
"CHEMBL130112";"AAXQEELWFXEVAH-UHFFFAOYSA-N";"CSc1nc(nn1C(=O)N(C)c2ccccc2)c3ccc(C)cc3";0
"CHEMBL100732";"AAYCSPVJCQPYHO-UHFFFAOYSA-N";"CN1CCc2nc(sc2C1)C(=O)N3CCN(CC3)S(=O)(=O)c4ccc5cc(Cl)ccc5c4";0
"MLS003106542";"AAYGWMVNFUJRJN-UHFFFAOYSA-N";"COc1cccc(C)c1NC2=NCCO2";0
"CHEMBL3105670";"AAYKDTRBBPQGCJ-UHFFFAOYSA-N";"CCS(=O)(=O)c1ccc(CC(=O)Nc2cc(c3cccc(Cl)c3)c(s2)C(=O)c4ccccc4F)cc1";0
"CHEMBL3287047";"AAYPGQDBDMWPLH-UHFFFAOYSA-N";"CC(C)(C)CN1CCC2(CC1)CN(c3ccccc3NC(=O)Nc4ccc(OC(F)(F)F)cc4)c5c(O)cccc25";0
"CHEMBL2441440";"AAYRYIFNKRSGOF-UHFFFAOYSA-N";"O=C(Cc1ccc(cc1)n2cnnn2)N3CCN(CCc4ccc5COCc5c4)CC3";0
"MLS000676065";"AAYTXOPXLXAKHP-UHFFFAOYSA-N";"Clc1ccc(cc1)C(=O)N2CCN(CC2)c3ccnc4cc(Cl)ccc34";0
"CHEMBL1093559";"AAYVABSRCANGGE-ZHACJKMWSA-N";"Fc1cc(F)c(cc1F)S(=O)(=O)NC(=O)\C=C\c2cccc3c2N(Cc4ccc5ccccc5c4)C(=O)C3(F)F";0
"thio-DABO 5c";"AAYVXRRCQLYOFU-UHFFFAOYSA-N";"CCC(C)Sc1nc(O)cc(Cc2ccc(Cl)cc2)n1";0
"CHEMBL448454";"AAYYOXKEPZBTIZ-UHFFFAOYSA-N";"COc1cc(Sc2c(C)cccc2C)ccc1C#N";0
"P2,P3 Ketoamide derivative";"AAYZJXOZLLKNGZ-DEOSSOPVSA-N";"CN(C)S(=O)(=O)NCCCC[C@H](NC(=O)OCC1(Cc2ccc(F)cc2)CCC1)C(=O)C(=O)NCc3cccnc3";0
"CHEMBL242943";"AAZCUMTYLCQAKK-UHFFFAOYSA-N";"Oc1cc(cc2Nc3ccccc3C(=O)c12)C(F)(F)F";0
"CHEMBL2431992";"AAZDMFVKJQKTQQ-UHFFFAOYSA-N";"Cc1ccc(CN(CC(=O)N(Cc2ccc(cc2)C3CCCCC3)c4ccc(C(=O)O)c(O)c4)S(=O)(=O)c5ccc(C)cc5)cc1";0
"CHEMBL215957";"AAZDRULOWGVHPB-UHFFFAOYSA-N";"CC(C)c1ccc(OCC#Cc2cccc(C)n2)cc1";0
"CHEMBL482369";"AAZFQYDIHLHKGW-WDOBJEIGSA-N";"CC1(C)[C@@H]2CC[C@@]1(CS(=O)(=O)N3CCN(CC3)c4ccc(cn4)C(F)(F)F)C(N)C2";0
"CHEMBL566999";"AAZGPNZTJLHQJM-UHFFFAOYSA-N";"Ic1ccccc1N2C(=O)C=CC2=O";0
"CHEMBL2413136";"AAZICRXDUWYMRN-UHFFFAOYSA-N";"CN(C)CCCN1C(=O)c2cscc2C(=C1C(=O)N(C)Cc3ccc(Cl)c(Cl)c3)c4ccc(F)cc4";0
"CHEMBL1290522";"AAZMPANXGYITPF-VXKWHMMOSA-N";"O[C@H]1CN(C[C@@H]1NC(=O)CNC(=O)c2cccc(c2)C(F)(F)F)C3CCN(CC3)c4ccccc4";0
"MLS-0412158.0001";"AAZPNUJADMFDPJ-YRNRMSPPSA-N";"CN[C@@H](C)C(=O)N[C@H]1CCCCN([C@H](C)C(=O)Nc2cccc3ccccc23)C1=O";0
"CHEMBL104675";"AAZRGUSAJLVIES-UHFFFAOYSA-N";"COc1cc(Cc2cnc(N)nc2N)cc(OC)c1OCC(=O)O";0
"2-ketobenzothiazole 24";"AAZRQCBNNOOVFU-ABLWVSNPSA-N";"NC(=N)NCCCC(NC(=O)[C@@H]1CCCN1)C(=O)c2nc3ccccc3s2";0
"SR-03000001202";"AAZVGOAUBWYJKL-UHFFFAOYSA-N";"CN1c2ccccc2Sc3cc(NC(=O)c4ccc(cc4)C(=O)c5ccccc5)ccc13";0
"CHEMBL104343";"AAZZTGRXUBEUER-UHFFFAOYSA-N";"CCCN(CCC)C(=O)Cc1c(nc2ccc(C)cn12)c3ccccc3";0
"CHEMBL358948";"ABACOHMKABNQSM-UHFFFAOYSA-N";"CSC1=C(C(=N)N2C=CC=CC2=N1)S(=O)(=O)c3ccc4ccccc4c3";0
"A-867744";"ABACVOXFUHDKNZ-UHFFFAOYSA-N";"CCC(=O)c1cc(c2ccc(Cl)cc2)n(c1C)c3ccc(cc3)S(=O)(=O)N";0
"CHEMBL113337";"ABADCYNHKCJMBO-IBGZPJMESA-N";"COC(=O)[C@H](Cc1ccc2ccccc2c1)NC(=O)CCCCCCC(=O)NO";0
"CHEMBL434667";"ABADECSEJRWIQC-UHFFFAOYSA-N";"Cc1nc2c(NC(=O)c3c(Cl)cccc3Cl)cccn2c1Cl";0
"MLS000570424";"ABADOHGDUGWOCM-BDKUJZOCSA-N";"CNC(=O)\C(=C/C=C/c1ccccc1)\NC(=O)c2ccc(cc2)[N+](=O)[O-]";0
"CHEMBL2289494";"ABADREUEDXTCHZ-UHFFFAOYSA-N";"CC(C)Nc1nc(Nc2ccccc2)nc(Cl)c1c3c(F)cccc3Cl";0
"CHEMBL2398814";"ABAFUEDZNZDZEN-RMUOXLJFSA-N";"C[C@@]12CO[C@H](O[C@H]1CC[C@@]3(C)[C@H]2C[C@H](OC(=O)c4ccc(cc4)C#N)[C@@]5(C)OC6=C([C@H](O)[C@H]35)C(=O)OC(=C6)c7cccnc7)c8cccc9ccccc89";0
"CHEMBL180397";"ABAFZIKNWHPYOU-PSWAGMNNSA-N";"CC(C)(CC1=N[C@@H]([C@@H](N1)c2ccccc2)c3ccccc3)c4ccccc4";0
"CHEMBL571710";"ABAGJANSRPEZOZ-UHFFFAOYSA-N";"[O-][n+]1onc(c2cccc(c2)C(F)(F)F)c1C#N";0
"SMR000091760";"ABAGTJARVQFMJH-UHFFFAOYSA-N";"COc1ccc(cc1)c2nnc3sc(nn23)C(C)N4C(=O)c5ccccc5C4=O";0
"MLS001162757";"ABAJJQUCKFXYON-UHFFFAOYSA-N";"Cc1cccc(c1)C(=O)NC2CCN(CC2)C(=O)NCc3ccccc3";0
"CHEMBL593609";"ABAKLAZDOCTBEC-UHFFFAOYSA-N";"NC(=O)c1cccc2cn(nc12)c3ccc(CNC(=O)C4CNC4)cc3";0
"CHEMBL567440";"ABAMRMYDBGTLHX-UHFFFAOYSA-N";"O=C1C=CC(=O)N1c2ccccc2c3ccccc3";0
"CHEMBL377430";"ABANLXYNSSVWDG-UHFFFAOYSA-N";"COc1cccc(NC(=O)Nc2nnc(s2)c3ccncc3)c1";0
"CHEMBL456654";"ABAOWFCFAADMKA-UHFFFAOYSA-N";"C(c1ccccn1)C2(CCNC2)c3ccc4[nH]ccc4c3";0
"CHEMBL1099312";"ABAQWDXYFZGNGR-UHFFFAOYSA-N";"Oc1cccc(c1)c2ccc(cc2)c3ccc(Cl)s3";0
"CHEMBL368265";"ABASHAPKXWJBNZ-VUHKNJSWSA-N";"CCn1ncc(Cc2ccccc2)c1C3CCN(C[C@H]4CN(C[C@@H]4c5ccccc5)[C@H](C6CCCCC6)C(=O)O)CC3";0
"CHEMBL3103017";"ABAVXNQTWOPBKY-UHFFFAOYSA-N";"C1CCc2nnc(c3cn(c4ccccc4)c5ccccc35)n2CC1";0
"CHEMBL2333890";"ABAXGKKDZNTTAD-HXUWFJFHSA-N";"CN(CCCO)c1nc(nc2ccc(cc12)c3cn[nH]c3)[C@H](N)Cc4cccc(F)c4";0
"CHEMBL509601";"ABBARSYOMDAYFO-UHFFFAOYSA-N";"OCCCn1c2ccc(O)cc2c3c4C(=O)NC(=O)c4ccc13";0
"CHEMBL211114";"ABBGRHAXBBOQBR-QWOIFIOOSA-N";"COCCOCNC(=O)c1ncn([C@@H]2O[C@H](COC(c3ccccc3)(c4ccccc4)c5ccccc5)[C@@H](O)[C@H]2O)c1N";0
"CHEMBL426134";"ABBHPRNOFIXTQU-UHFFFAOYSA-N";"CCOc1nc(NC(=O)Cc2ccc(OC)cc2)cc(N)c1C#N";0
"ZINC03288161";"ABBJXRFMSQIRLO-UHFFFAOYSA-N";"COCCn1c(C)cc(C(=O)COC(=O)c2oc(cc2)[N+](=O)[O-])c1C";0
"CHEMBL2347112";"ABBLRYAESUTTSD-NSHDSACASA-N";"Cn1nc(Cc2ccccc2)c3C[C@H](N)C(=O)N(O)c13";0
"4-(5-Amino-1,3-dioxo-1,3-dihydro-isoindol-2-yl)-butyric acid";"ABBOMDQYPRXKSK-UHFFFAOYSA-N";"Nc1ccc2C(=O)N(CCCC(=O)O)C(=O)c2c1";0
"CHEMBL3228383";"ABBQHPRCUHOFOG-UHFFFAOYSA-N";"Br.CN1C=CSCC1=N";0
"CHEMBL561469";"ABBQLVQJXBDEIM-UHFFFAOYSA-N";"Clc1cc(OC(=O)N2CCN3CCC2CC3)ccc1Br";0
"CHEMBL605109";"ABBQSZMLKDIOOJ-UHFFFAOYSA-N";"NC(=O)Cc1c(nn(c2ccccc2Cl)c1c3ccc(Cl)cc3)C(=O)N4CCC(O)(CC4)c5ccccc5";0
"CHEMBL329239";"ABBRLYJQHPMTBN-AUOBUJMJSA-N";"CC(C)[C@H](NC(=O)Cc1csc(N)n1)C(=O)N[C@H](C[C@H](O)[C@H](Cc2ccccc2)NC(=O)[C@@H](NC(=O)Cc3csc(N)n3)C(C)C)Cc4ccccc4";0
"MLS000700613";"ABBWKGNEUWFUQP-UHFFFAOYSA-N";"Cc1cc(nn1C)c2nnc(S)n2c3ccc(F)cc3";0
"CHEMBL274238";"ABCDBBYVLBHVSH-JKQORVJESA-N";"C[C@]12CC[C@H]3[C@@H](CCC4=CC(=O)CCN34)[C@@H]1CCC2=O";0
"CHEMBL118638";"ABCIAVSYEOSYNR-UHFFFAOYSA-N";"Cc1ccc(C)c(CN2C(=O)C(=O)c3cc(C)ccc23)c1";0
"CHEMBL2058899";"ABCISIOUDAPUAB-UHFFFAOYSA-N";"FC(F)(F)Oc1ccccc1S(=O)(=O)N2CC(C2)C(=O)N3CCN(CC3)c4ccncc4";0
"CHEMBL3133146";"ABCKZNSVBLCRMS-AWEZNQCLSA-N";"[O-][N+](=O)c1ccccc1CN2C(=O)C(=O)c3cc(ccc23)S(=O)(=O)N4CCC[C@H]4CF";0
"CHEMBL523976";"ABCLLSIJJSYZCJ-TZHYSIJRSA-N";"CC(O)c1ccc(cc1)S(=O)(=O)N2CCN(CCc3ccncc3)C[C@H]2C";0
"CHEMBL1822863";"ABCLYDOXFRWKNB-UHFFFAOYSA-N";"CC1CCCN1CCc2ccc3nc(ccc3c2)c4cc(C#N)c(C)nc4C";0
"CHEMBL386290";"ABCMLBFIEBJOLA-UHFFFAOYSA-N";"CCC(=O)Nc1ccc(cc1)c2c(N)nc(N)nc2COCc3ccccc3";0
"SMR000015932";"ABCRYGIZLVABPS-UHFFFAOYSA-N";"Cc1onc(NC(=O)NC2(Oc3ccc(Cl)cc3O2)C(F)(F)F)c1";0
"CHEMBL374041";"ABCSNHDQYHOLOO-UHFFFAOYSA-N";"CCOCCC1(Oc2ccc(Oc3ccc(cc3)C(=O)Nc4cccnc4)cc2)C(=O)NC(=O)NC1=O";0
"AK-968/15604565";"ABCXJIGKWRYVEV-ZBKNUEDVSA-N";"Cc1c(Cl)c(nn1Cc2oc(cc2)C(=O)N\N=C/c3cccc(Br)c3)[N+](=O)[O-]";0
"CHEMBL1822058";"ABCZKUIDXGHMIH-UHFFFAOYSA-N";"Nc1cn2cc(ccc2n1)c3cnc(Cl)c(NS(=O)(=O)c4ccc(F)cc4)c3";0
"CHEMBL3126948";"ABDAGDDZOUDCKI-IBGZPJMESA-N";"Cc1ccc(F)cc1C(C)(C)C[C@@](O)(Cc2cc3nnccc3[nH]2)C(F)(F)F";0
"CHEMBL3126950";"ABDAGDDZOUDCKI-UHFFFAOYSA-N";"Cc1ccc(F)cc1C(C)(C)CC(O)(Cc2cc3nnccc3[nH]2)C(F)(F)F";0
"CHEMBL87515";"ABDBADMXMBVQSM-UHFFFAOYSA-N";"C[N+](C)(CCCCc1ccc(cc1)c2ccccc2)CCCCS(=O)(=O)[O-]";0
"CHEMBL1642351";"ABDCDPWCDDPIKP-UHFFFAOYSA-N";"Clc1ccc(cc1)c2nc3ccccc3n2C(C4CCOCC4)C(=O)NC5CCCCC5";0
"CHEMBL366037";"ABDGRKYGHUZPML-DHXJALRNSA-N";"CC[C@H](C)[C@H](NC(=O)[C@H](CC(C)C)NC(=O)c1cnccn1)C(=O)N[C@@H](CC2CCCCC2)C(=O)N[C@@H](CC)C(=O)C(=O)NCC(=O)NS(=O)(=O)C(F)(F)F";0
"CHEMBL1945158";"ABDIJUBDZNYCOU-UHFFFAOYSA-N";"Cc1cccc(COc2ccc3OC=CC(=O)c3c2)c1";0
"CHEMBL30973";"ABDIOQXDBJMGHB-QPJJXVBHSA-N";"CN(C)C\C=C\C(=O)Nc1ccc2ncc(C#N)c(Nc3cccc(Br)c3)c2c1";0
"CHEMBL2158521";"ABDKJOVFIDLNSS-IBGZPJMESA-N";"COc1cc(N2CCN(C[C@H](C)O)CC2)c(F)cc1Nc3ncc4ccc(c5ccccc5N(C)S(=O)(=O)C)n4n3";0
"CHEMBL3105423";"ABDLYDVXTNTMEZ-UHFFFAOYSA-N";"CC(NC(=O)CC1=NNC(=O)c2ccccc12)c3ccc4CCCCc4c3";0
"MLS-0111666.0001";"ABDNNGVIUKEVSY-UHFFFAOYSA-N";"COc1ccc(OC)c(c1)C(=O)Nc2cnc3ccccc3c2";0
"CHEMBL1090526";"ABDWUBPDHWDFCV-CYBMUJFWSA-N";"COc1nccnc1[C@H](C)C2=C(CCN(C)C)Cc3cc(F)ccc23";0
"CHEMBL2332619";"ABDXIQMAFUNGEW-ABAIWWIYSA-N";"C[C@@H](NC(=O)c1ccnc2ccccc12)C(=O)N3CCC[C@H]3B(O)O";0
"CHEMBL257516";"ABEAMHXQMMOZEL-UHFFFAOYSA-N";"Clc1cccc(c1Cl)n2ncnc2NCc3ccncc3";0
"CHEMBL3121331";"ABEDHXMOGHHQTM-UHFFFAOYSA-N";"COc1ncc(cc1NS(=O)(=O)c2ccc(F)cc2F)c3cc4cc(c(N)nc4cn3)c5ccccc5";0
"CHEMBL491926";"ABEDQOQTISCLFO-HSZRJFAPSA-N";"OB(O)CCCCC[C@@H](NC(=O)c1cccnc1)C(=O)Nc2cccc(c2)c3ccccc3";0
"CHEMBL449493";"ABEDQOQTISCLFO-QHCPKHFHSA-N";"OB(O)CCCCC[C@H](NC(=O)c1cccnc1)C(=O)Nc2cccc(c2)c3ccccc3";0
"CHEMBL2373416";"ABEFPCRGBOFMDC-XYGDRSAOSA-N";"C[C@@H]1C[C@H]2O[C@@]3(C)CC\C=C(/C)\CC[C@]1(C)C4=C2[C@](O)(OC4)[C@H]3O";0
"SMR000164019";"ABEGEZWDEVDBPF-UHFFFAOYSA-N";"CCCOc1ccc(OCCOCCN2CCc3ccccc3C2)cc1";0
"CHEMBL1808534";"ABEHZLCDNBUVNB-UHFFFAOYSA-N";"CCOC(=O)c1nn(C(=O)CC)c2ccccc12";0
"CHEMBL596620";"ABEIEQCSUITISS-UHFFFAOYSA-N";"O=C(NC1C2CC3CC(CC1C3)C2)N4CCCC5(C4)Cc6ccccc6C5";0
"CHEMBL399520";"ABEIXLKRILHYRC-UHFFFAOYSA-N";"CN(C)Cc1ccn2c(c3ccnc(NC(=O)NC(C)(C)C)n3)c(nc2c1)c4ccc(F)cc4";0
"MLS000718851";"ABELRIIRVNKAGM-UHFFFAOYSA-N";"COC(=O)C1=CN(Cc2ccc(OC)c(OC)c2)C=C(C1c3cccs3)C(=O)OC";0
"SMR000145919";"ABENXYIRKLNIOP-UHFFFAOYSA-N";"CCCc1nc2oc(C(=O)c3ccccc3)c(N)c2c4CC(C)(C)OCc14";0
"CHEMBL3288289";"ABEOUDUTXXUZON-OIDHKYIRSA-N";"NCCCC[C@H](NC(=O)[C@@H](Cc1cc2ccccc2s1)NC(=O)N3CCC(CC3)N4Cc5ccccc5NC4=O)C(=O)N6CCN(CC6)c7ccncc7";0
"CHEMBL2418204";"ABEPDBZYBNZYGQ-UHFFFAOYSA-N";"Fc1ccccc1c2oc3nc(ccc3n2)N4CCCCC4";0
"CHEMBL1277522";"ABEQSTQSKGXZCH-UHFFFAOYSA-N";"Oc1cccc(c1)c2ccc(s2)C(=O)c3ccc(F)c(O)c3";0
"CHEMBL551899";"ABERTDKHAIMZFF-XQRVVYSFSA-N";"CCCCCNC(=O)NCCCC\C=C/CCC(=O)O";0
"CHEMBL461884";"ABEYVGWQDFHEFT-UHFFFAOYSA-N";"N#CC1=Cc2ccc(cc2CC1)c3cccnc3";0
"SCHEMBL1094616";"ABFCKPJNUHNMNC-UHFFFAOYSA-N";"FC(F)(F)c1ccc(Oc2ccc(cc2C#N)S(=O)(=O)Nc3ncns3)c(c1)C4CCOCC4";0
"CHEMBL2336027";"ABFDFDOPULQNHT-UHFFFAOYSA-N";"CN1CCN(Cc2cccc(NC(=O)c3ccc(C)c(c3)C#Cc4cnc5ccnn5c4)c2)CC1";0
"CHEMBL1259066";"ABFDSONFCLJDNG-SANMLTNESA-N";"Fc1cc(ccc1Cl)c2ccc(CCC(=O)N3CCC[C@H]3c4ncc([nH]4)c5ccccc5)cc2";0
"N-[4-bromo-3-(trifluoromethyl)phenyl]-4-(trifluoromethyl)benzamide";"ABFFAXAUDJIANV-UHFFFAOYSA-N";"FC(F)(F)c1ccc(cc1)C(=O)Nc2ccc(Br)c(c2)C(F)(F)F";0
"CHEMBL1934127";"ABFFVPNTRSSMPE-HHHXNRCGSA-N";"CC(=O)N[C@@H]1CC2(CCN(Cc3ccc4[nH]c5ccc(Cl)cc5c4c3)CC2)c6ccccc16";0
"MLS000058168";"ABFGKTKVMVRAGW-UHFFFAOYSA-N";"CC(C)CN1C(=C(C(=O)COC(=O)c2cc(nc3ccccc23)c4occc4)C(=O)N(C)C1=O)N";0
"MLS001159036";"ABFLQNFYUZSMJY-UHFFFAOYSA-N";"CC1=C(CC(=O)NCCCN2CCCC2=O)C(=O)Oc3cc(C)c4c(C)coc4c13";0
"CHEMBL181216";"ABFVBWQMBVYWMV-UHFFFAOYSA-N";"COc1cc2CC(Oc3cccc(CN4CCCCC4)c3)C(=O)c2cc1OC";0
"CHEMBL3233607";"ABFVQIXFKQQEOF-UHFFFAOYSA-N";"CN1C(=C(N2CCCCC2)C(=O)NC1=O)N";0
"CHEMBL585486";"ABFVUJAWCNCDCE-UHFFFAOYSA-N";"Cc1ccc2c(c1)c3cc(C)ccc3c4[nH]c(nc24)c5c(F)cccc5Cl";0
"MLS000553312";"ABFWCJHIHKBIMJ-MXAYSNPKSA-N";"Cc1cc(\C=N/NC(=O)CC(=O)NC2CCCCC2)c(C)n1c3ccc(Cl)c(Cl)c3";0
"CHEMBL1289645";"ABGBBQLBNIVODC-UHFFFAOYSA-N";"CCC(NC(=O)c1ccc(OCc2ccccn2)c(c1Cl)C(F)(F)F)C(=O)C(=O)Nc3ccn(C)n3";0
"CHEMBL571683";"ABGDCDADBTYYKP-NHCUHLMSSA-N";"COc1ccc(cc1OC)[C@@H](C)N2C(=O)c3cccc(N4CCN(CC4)[C@H](C)c5ccccc5)c3C2=O";0
"CHEMBL577518";"ABGDCDADBTYYKP-RTWAWAEBSA-N";"COc1ccc(cc1OC)[C@H](C)N2C(=O)c3cccc(N4CCN(CC4)[C@H](C)c5ccccc5)c3C2=O";0
"CHEMBL566389";"ABGDCDADBTYYKP-VQCQRNETSA-N";"COc1ccc(cc1OC)C(C)N2C(=O)c3cccc(N4CCN(CC4)[C@H](C)c5ccccc5)c3C2=O";0
"4-Chlorochalcone";"ABGIIXRNMHUKII-DHZHZOJOSA-N";"Clc1ccc(\C=C\C(=O)c2ccccc2)cc1";0
"macrocyclic inhibitor 16g";"ABGJWJKFXLDNGE-UHFFFAOYSA-N";"CN(C)CCOc1cc2OCCCCCOc3nc(NC(=O)Nc2cc1Cl)cnc3C#N";0
"MLS001031372";"ABGKZMLRHLADIO-UHFFFAOYSA-N";"Cc1cccc(N2CCN(CC2)C(=O)c3cccc(c3)N4C(=O)C5C6CC(C=C6)C5C4=O)c1C";0
"CHEMBL2333533";"ABGLFKDCUAVVOJ-UHFFFAOYSA-N";"CC1CCCCN1S(=O)(=O)c2ccc(cc2)N3CCCCC3=O";0
"SMR000178156";"ABGNBUFUIFDYCP-UHFFFAOYSA-N";"Cc1ccnc(c1)N2C(=O)c3cccc4c(ccc(C2=O)c34)[N+](=O)[O-]";0
"Ocophyllals B";"ABGNFLATGXMICB-UHFFFAOYSA-N";"COc1cc(cc(OC)c1OC)c2oc3c(OC)cc(C=O)cc3c2C";0
"CHEMBL3099629";"ABGNIXWIACKXBO-UHFFFAOYSA-N";"CCCCC(=C(c1ccc(OCCN2CCCCCC2)cc1)c3ccc(OCCN4CCCCCC4)cc3)CCCC";0
"CHEMBL217374";"ABGNOCQONIAVFH-RXBHZZDJSA-N";"CC[C@H](NCC1Cc2cccc(CCCCc3cc(cc(c3)C(=O)N1)N(C)S(=O)(=O)C)c2)C(=O)NCC(C)C";0
"CHEMBL2333207";"ABGQICRXAWVMLP-UHFFFAOYSA-N";"CC(=O)N1N=C(CC1c2ccc3OCOc3c2)c4ccc(F)cc4";0
"CHEMBL1173234";"ABGXPXJMRRMUKP-QQXSKIMKSA-N";"COc1cc(\C=C\2/SC(=O)N(Cc3ccc(cc3)C(C)(C)C)C2=O)ccc1OCc4ccc(cc4)C(=O)O";0
"MLS000572570";"ABHCKRUQSBLDMN-DJKKODMXSA-N";"NC(=N)N\N=C\c1ccc(OCc2ccccc2Cl)cc1";0
"CHEMBL2375922";"ABHCTTFWVASZNF-UHFFFAOYSA-O";"O=C(CC[n+]1ccccc1)Nc2ccc3N=C4N(C=Cc5c4[nH]c6ccccc56)C(=O)c3c2";0
"CHEMBL325766";"ABHDJBQOHVWGAS-UHFFFAOYSA-N";"Cc1nc2cccc(F)c2c(N)c1CSCc3cccc(c3)C(O)C(F)(F)F";0
"CHEMBL1782510";"ABHFIRYPSLUDGX-UHFFFAOYSA-N";"OC(=O)c1oc2ccc(cc2c1)c3cnn(c3)C4CCNCC4";0
"CHEMBL116828";"ABHLPXGHFJKIMS-UHFFFAOYSA-N";"Cc1cc(Cc2cnc(N)nc2N)cc(Cl)c1N";0
"CHEMBL203804";"ABHLVXSUCSLTLA-UHFFFAOYSA-N";"CN(C)CCN(C)c1cc(C)c2cc(NC(=O)CNc3ccc(Cl)cc3Cl)ccc2n1";0
"CHEMBL575370";"ABHODCSECYTOLV-PIXGQMGXSA-N";"CC[C@H](N)C(=O)N[C@H]1[C@@H](CCNCc2ccccc2)CC[C@H]3CC[C@H](N3C1=O)C(=O)NC(c4ccccc4)c5ccccc5";0
"CHEMBL2426470";"ABHPHENAXTYOLN-UHFFFAOYSA-N";"O=C(N1CC2CCC(C1)C2N3CCCC3)c4ccc(cc4)C(=O)N5CC6CCC(C5)C6N7CCCC7";0
"CHEMBL3115111";"ABHVKYFWPPHTHF-ZMSNHJSUSA-N";"COC1COCCC1N[C@@H]2C[C@H]3CN(C[C@]3(C2)C(=O)N4CCc5ncc(cc5C4)C(F)(F)F)C(=O)OCCN6CCOCC6";0
"CHEMBL481383";"ABHYOLCRTCYDDO-UHFFFAOYSA-N";"CCCN1C(=O)N(Cc2ccccc2)c3nc4n(CC)c(C)cn4c3C1=O";0
"MLS000068755";"ABIGPTDIQKRVCS-UHFFFAOYSA-N";"CCCCn1c(NC(=O)c2ccccc2Cl)c(C#N)c3nc4ccccc4nc13";0
"CHEMBL347015";"ABIHLEYEGKUFDJ-UIRBXLFWSA-N";"CCCC[C@H](NC(=O)[C@H](CC(C)C)NC(=O)[C@@H](NC(=O)[C@H](Cc1ccccc1C)NC(=O)[C@H](COCc2ccccc2)NC(=O)[C@H](CC(=O)O)NC(=O)CCC(=O)O)C(C)(C)C)C(=O)C(=O)N";0
"CHEMBL474960";"ABIMHEGUHGJRNG-KSZLIROESA-N";"COc1ccc(cc1OC)[C@H]2C[C@@H]2NC(=O)CC(C)(C)NCC(=O)N3CCC[C@H]3C#N";0
"CHEMBL3288415";"ABIPYXOEURICTI-UHFFFAOYSA-N";"CC1=Nc2cccnc2N(CCc3nc4cc(C)ccc4n3c5ccccc5)C1=O";0
"CHEMBL1933396";"ABIQOIQMOXNLQX-UHFFFAOYSA-N";"CN(C1CCN(C)CC1)S(=O)(=O)c2ccc(F)cc2";0
"CHEMBL1095449";"ABIUFIYFFWDIDH-DXRVJIQQSA-N";"CN1CCC[C@@H](C1)n2c(nc3ccccc23)c4cccc(\C=C\C(=O)NO)c4";0
"CHEMBL1094159";"ABIUFIYFFWDIDH-IENJSVCTSA-N";"CN1CCC[C@H](C1)n2c(nc3ccccc23)c4cccc(\C=C\C(=O)NO)c4";0
"SCHEMBL5038510";"ABIUFIYFFWDIDH-VAWYXSNFSA-N";"CN1CCCC(C1)n2c(nc3ccccc23)c4cccc(\C=C\C(=O)NO)c4";0
"Compound (S)-35";"ABIVOOWWGYJNLV-JTQLQIEISA-N";"NC(=O)[C@H]1CCCCc2c1[nH]c3ccc(Cl)cc23";0
"CHEMBL371432";"ABIVOOWWGYJNLV-SNVBAGLBSA-N";"NC(=O)[C@@H]1CCCCc2c1[nH]c3ccc(Cl)cc23";0
"2-chloro-5,6,7,8,9,10-hexahydrocyclohepta[b]indole-6-carboxamide";"ABIVOOWWGYJNLV-UHFFFAOYSA-N";"NC(=O)C1CCCCc2c1[nH]c3ccc(Cl)cc23";0
"CHEMBL1921928";"ABIVXWKXMJCZMZ-LQXXZEARSA-N";"C[C@@](N1CCCCC1)(C(=O)O[C@H]2C[N+]3(CCCCc4ccccc4)CCC2CC3)c5cccs5";0
"CHEMBL2377620";"ABIWKFCTLVJCKN-UHFFFAOYSA-N";"CN(C(=O)CN1CCN(CC1)c2ccc(F)cn2)c3nc4CCCCc4s3";0
"CHEMBL384979";"ABJDYWHACJDHLM-UHFFFAOYSA-N";"OC(=O)COc1ccc(Br)cc1C(=O)c2cnn(c2)c3ccccc3Br";0
"CHEMBL2151617";"ABJHPDKSDCWPPH-UHFFFAOYSA-N";"Fc1cccc(c1)c2noc(n2)C3CN(C3)C(=O)C4CCC(F)(F)CC4";0
"butenafine";"ABJKWBDEJIDSJZ-UHFFFAOYSA-N";"CN(Cc1ccc(cc1)C(C)(C)C)Cc2cccc3ccccc23";1
"CHEMBL1829132";"ABJNTKBHLNZIAO-UHFFFAOYSA-N";"COc1ccc(CN2CCN(CCCOc3ccc(cc3NC(=O)c4ccccc4[N+](=O)[O-])C(=O)NC(=N)N)CC2)c(OC)c1OC";0
"4-Amino-1-naphthol";"ABJQKDJOYSQVFX-UHFFFAOYSA-N";"Nc1ccc(O)c2ccccc12";0
"CHEMBL3086040";"ABJSOROVZZKJGI-OCYUSGCXSA-N";"Fc1cc(ccn1)C(NC(=O)[C@@H]2CC[C@H](C[C@H]2c3ccc(Br)cc3)N4CCOCC4)c5ccc(Cl)cc5";0
"T5413164";"ABJSWKKVFJQZOU-UHFFFAOYSA-N";"CCN(CC)c1ccc(NC(=O)CN2C(=O)NC3(CCc4ccccc34)C2=O)cc1";0
"CHEMBL46754";"ABJVOKFFSVZWAP-UHFFFAOYSA-N";"CCCCCCCCCCCCOc1cc(c(OP(=O)([O-])Oc2cccc(C[n+]3csc(C)c3)c2)cc1C(C)(C)C)C(C)(C)C";0
"CHEMBL1271492";"ABKBJHPPUDBLDC-MOHJPFBDSA-N";"CC(C)(C)[Si](C)(C)Oc1ccc(cc1Br)\C(=N/NC(=S)N)\c2cccc(Br)c2";0
"CHEMBL489094";"ABKBSWVRNXDREE-IBGZPJMESA-N";"C[C@H]1CN(Cc2ccc(CC(=O)N3CCC(CC3)Nc4ccc(F)cc4)cc2)CCN1";0
"CHEMBL1086755";"ABKFNWSCLGGDOH-UHFFFAOYSA-N";"CCn1c(C)c(cc1c2ccccc2)C(=O)NCCCN3CCN(CC3)c4cccc(Cl)c4Cl";0
"CHEMBL3263981";"ABKGHWKSGAOXGR-UHFFFAOYSA-N";"CCC(=O)N1CCc2ccc(Nc3ncc(Cl)c(Nc4ccccc4C(=O)NC)n3)cc2C(C)C1";0
"CHEMBL1161649";"ABKGZOKXPPRHET-ITWZMISCSA-N";"CC(C)c1cc(c2ccccc2)c(c3ccc(F)cc3)n1\C=C\[C@@H](O)C[C@@H](O)CC(=O)O";0
"MLS003115580";"ABKIYVGPMWZYOU-UHFFFAOYSA-N";"CC(=O)C1=C(O)C(=CC=Cc2ccccc2)OC1=O";0
"CHEMBL187699";"ABKPBUQLVHJUBF-OQICONIUSA-N";"NC(C1CCCCC1)C(=O)N2CCC[C@H]2C(=O)NCc3ccc(cc3)C(=O)O.OC(=O)C(F)(F)F";0
"2-Methyl-3-[3-[4-(3-aminopropyl)piperazino]propylamino]-1,4-naphthoquinone";"ABKQKZVZNGCDFF-UHFFFAOYSA-N";"CC1=C(NCCCN2CCN(CCCN)CC2)C(=O)c3ccccc3C1=O";0
"CHEMBL3289306";"ABKTYTWNCCTGNS-UHFFFAOYSA-N";"Cl.NCCCNCCCCNCC(=O)Nc1cccc2ccccc12";0
"MLS-0463338.0002";"ABLAYCWAIMCBKF-UHFFFAOYSA-N";"Cc1oc(cc1)c2nc3cc(NC(=O)c4cccs4)ccc3[nH]2";0
"aminopyrazole 33";"ABLHKLIEDOTYMC-UHFFFAOYSA-N";"Nc1c(cnn1c2ccc(F)cc2)C(=O)c3cccc(c3)C#CCO";0
"CHEMBL486958";"ABLKGAFPXACHFA-UHFFFAOYSA-N";"CCC(CC)c1oc(nn1)c2nn(c(c2C)c3ccc(Cl)cc3)c4ccc(Cl)cc4Cl";0
"CHEMBL551556";"ABLMTRUAAOJKSC-UHFFFAOYSA-N";"FC(F)(F)c1ccccc1OC(C2CCNCC2)c3cccnc3";0
"CHEMBL3144412";"ABLQBUBJQGDTTI-BGBFCPIGSA-N";"CC(C)C[C@H](NC(=O)C[C@H](O)[C@H](Cc1ccccc1)NC(=O)[C@H](Cc2c[nH]cn2)NC(=O)[C@H](Cc3ccccc3)NC(=O)OC(C)(C)C)C(=O)N[C@@H](Cc4ccccc4)C(=O)N";0
"CHEMBL1097063";"ABLQYLIPCDUOQX-UHFFFAOYSA-N";"Nc1ccc(cc1NC(=O)c2ccccc2)c3oc4ccccc4c3";0
"CHEMBL469435";"ABLRAGJKLQYRRX-LXHJOMHSSA-N";"OCC(O)CCCCC(O)CC(O)CCC[C@@H](O)[C@H]1N[C@H](CO)[C@@H](O)[C@@H]1O";0
"CHEMBL3287169";"ABLRUBDAIDDHIM-UHFFFAOYSA-N";"CC(=O)N1CCc2cc(ccc12)c3cccnc3";0
"CHEMBL2234966";"ABLUKBSGCHZFDL-UHFFFAOYSA-N";"COc1ccc(cc1)n2c3CCCCc3nc2c4ccc(cc4)S(=O)(=O)C";0
"CHEMBL52344";"ABLWTJQIUDQCME-XOGYLQAWSA-N";"OC(=O)CCCCCC[C@@H]1C2CCC(O2)C1c3cccnc3";0
"CHEMBL1923013";"ABLXXKUDDSMAHU-UHFFFAOYSA-N";"OCCNCCn1ccc2ncnc(Nc3ccc(Oc4cccc(c4)C(F)(F)F)c(Cl)c3)c12";0
"MLS000326449";"ABLZBMZBGIZMHU-UHFFFAOYSA-N";"CC(C)CC(=O)N1SC(=NC1=O)NC(=O)c2ccc(C)cc2";0
"CHEMBL2322831";"ABMCRHVRUHLJOQ-UHFFFAOYSA-N";"CCN(CC)Cc1ccc(CNC(=O)Cc2ccc(cc2)c3ccccc3)cc1";0
"SMR000059935";"ABMFGIMJEWDYRN-UHFFFAOYSA-N";"COC(=O)C(NC=O)C(O)(Cc1ccccc1)C(F)(F)F";0
"1-(5-bromopyridin-2-yl)-3-[2-(2-cyano-3-ethoxy-6-fluorophenyl)ethyl]thiourea";"ABMFUNFAKALUSS-UHFFFAOYSA-N";"CCOc1ccc(F)c(CC\N=C(/S)\Nc2ccc(Br)cn2)c1C#N";0
"Bis-indole Derivative, 7";"ABMIXBHOXNQPBZ-UHFFFAOYSA-N";"COc1ccc2c(c1)c(CC(=O)N)c(C)n2Cc3ccccc3OCCCCCCCOc4ccccc4Cn5c(C)c(CC(=O)N)c6cc(OC)ccc56";0
"CHEMBL1257412";"ABMNQNSOKQTPIH-UHFFFAOYSA-N";"Cl.CCCCCCCCCCCCCCNc1c2CCCCc2nc3ccc(OC)cc13";0
"CHEMBL148471";"ABMSAGZBJYEZGT-UHFFFAOYSA-N";"O=C1NCc2c1c3c4ccccc4[nH]c3c5Cc6ccccc6c25";0
"2-(3,4-Dimethoxyphenyl)-1H-indene-1,3(2H)-dione";"ABMVPHQMDUVUSM-UHFFFAOYSA-N";"COc1ccc(cc1OC)C2C(=O)c3ccccc3C2=O";0
"CHEMBL2397302";"ABMVPPVIAHIGQO-UHFFFAOYSA-N";"CCOc1cccc(c1)C2(C3CC(C)CC23)N4CCN(CC4)c5ccc(Cl)nn5";0
"MLS000389682";"ABMXCSNRCQOXLG-DHDCSXOGSA-N";"CN(C)c1ccc(\C=C\2/N=C(NC2=O)c3ccc(Cl)c(c3)[N+](=O)[O-])cc1";0
"CHEMBL353623";"ABMZPRJSVFWQHA-UHFFFAOYSA-N";"CCCCCCCCCCCCCCOC(COCCCCc1ccccc1)COc2ccc(cc2)C3=NOC(=O)N3";0
"CHEMBL1683430";"ABNHRFQXJGAULW-UHFFFAOYSA-N";"CN1CCN(CC1)c2ccc(cc2)c3onc(c3)c4cccc(c4)C(=O)NCC#N";0
"AH-487/15020038";"ABNIYDTWWMFBAN-YVLHZVERSA-N";"CCc1ccc(cc1)\N=C/2\NC(=O)\C(=C\c3ccc(OCC(=O)O)c(Cl)c3)\S2";0
"CHEMBL2031309";"ABNJTLJOBGFVGE-UHFFFAOYSA-N";"CCOc1cc2ncc(C#N)c(Nc3ccc(F)c(Cl)c3)c2cc1NC(=O)CCN4CCOCC4";0
"CHEMBL372491";"ABNOJWGKGYSFSX-UHFFFAOYSA-N";"COc1cc2cc(sc2cc1OC)C(=O)C3CCC[N+](C)(CC4CCCCO4)CC3";0
"MLS002693830";"ABNRDGNCDFAXHA-UHFFFAOYSA-N";"Nc1ccc2c(c1)C(=O)c3cc(N)c(Cl)cc23";0
"CHEMBL2031229";"ABNSJBVKFVKZEX-UHFFFAOYSA-N";"CN1CCN(CC1)c2ccc3N=CN(C(=O)c3c2)c4cc(NC(=O)c5ccccc5F)ccc4C";0
"CHEMBL1933538";"ABNVVKAVWJYHCL-OPEAARRCSA-N";"Fc1ccc2[nH]c(cc2c1)C(=O)N3C[C@]4(CCN(C4)C5CCCNC5)c6ccccc36";0
"CHEMBL1927632";"ABNZWLHJBSTFHF-UHFFFAOYSA-N";"Nc1nc(N)n2nc(nc2n1)c3occc3";0
"(3-Cyano-indol-1-yl)-acetic acid";"ABOATQKEOFCUPN-UHFFFAOYSA-N";"OC(=O)Cn1cc(C#N)c2ccccc12";0
"Naphthyl Compound, 4c";"ABOBTXLSWCANMO-UHFFFAOYSA-N";"O=C(Nc1cc(ccc1N2CCN(Cc3ccccc3)CC2)c4ccccc4)c5cccc6ccccc56";0
"CHEMBL565391";"ABOCVRMZOWDYSN-ADAARDCZSA-N";"Cc1cc(F)ccc1Cc2cc3c(CO[C@]34O[C@H](CO)[C@@H](O)[C@H](O)[C@H]4O)cc2Cl";0
"CHEMBL3102996";"ABOHKJIFAQARLX-UHFFFAOYSA-N";"Cc1cc(c(C)n1c2ccc(Cl)cc2)c3nnc4CCCCCn34";0
"MLS000834357";"ABOLDSLNPDUTTK-JYFHCDHNSA-N";"OCc1ccc(CO[C@H]2C[C@H](C=C(O2)C(=O)N3CCCCCCC3)c4ccc(cc4)C(F)(F)F)cc1";0
"T6081416";"ABOPSBLRNVQCDX-UHFFFAOYSA-N";"COC(=O)c1cc(cc(c1)[N+](=O)[O-])C(=O)OCC(=O)c2ccc3OCC(=O)Nc3c2";0
"CHEMBL102581";"ABOSKNBFTLZPNO-UHFFFAOYSA-N";"O=C1C=C(SC(=C1)c2ccc(cc2)c3csc4ccccc34)N5CCOCC5";0
"CHEMBL1092748";"ABOSMIZKCHEJEN-KIKDMBQDSA-N";"CC(C)N(C)[C@@H]1CC[C@@H]([C@H](CS(=O)(=O)c2ccccc2)C1)N3CC[C@H](NC(=O)c4cc(cc(c4)C(F)(F)F)C(F)(F)F)C3=O";0
"CHEMBL2322857";"ABOUIZXLCVAWOB-UHFFFAOYSA-N";"COc1cc(ccc1Cl)N2CCN(CC2)C(=O)Cn3nc(cc3C)C(F)(F)F";0
"CHEMBL1092073";"ABOUWUWXUJHANF-UHFFFAOYSA-N";"CN(C)CCNC(=O)c1ccc(NC(=O)Nc2ccc(cc2)c3nc(N4CCOCC4)c5ccn(CC(F)(F)F)c5n3)cc1";0
"CHEMBL603198";"ABOUXXMKTJTICI-UHFFFAOYSA-N";"COc1ccccc1C(Cc2coc3nc(N)nc(N)c23)C4CC4";0
"CHEMBL3260483";"ABOVTYBPRBINIQ-UHFFFAOYSA-N";"COc1ccc2c(c1)c(CCN)cn2c3cc(C(=O)N4Cc5ccccc5C4)c(O)cc3O";0
"CHEMBL270853";"ABOWDNIHZHLENL-UHFFFAOYSA-N";"CN1Cc2cc3CCN(CCCCSc4nnc(c5cccc6nc(C)ccc56)n4C)CCc3cc2C1=O";0
"CHEMBL559928";"ABOXSYZUZSDMTI-UHFFFAOYSA-N";"OC(=O)CCN1CCc2c(C1)c3ccccc3n2Cc4ccc5oc(cc5c4)c6ccc7ccc(Cl)cc7n6";0
"CHEMBL3114664";"ABPABQXEIYHSAF-UHFFFAOYSA-N";"Nc1onc(c2oc(Cl)cc2)c1c3ccccc3";0
"CHEMBL1946959";"ABPAJGQYMSRKLV-UHFFFAOYSA-N";"OC(=O)Cn1c2C(=S)N(Cc3ccccc3)CCc2c4ccccc14";0
"CHEMBL466271";"ABPAUEWHUKZUPD-UYCLPYRZSA-N";"[I-].CCOC(=O)c1ccc(NC(=O)N[C@@H](Cc2ccc(Br)cc2)C(=O)N[C@H]3CC[N+](C)(Cc4ccc5OCOc5c4)C3)cc1";0
"CHEMBL2440382";"ABPDDHUOGSTTQN-VULFUBBASA-N";"Cc1ccc(cc1)S(=O)(=O)N\N=C\c2cn(CC(=O)Nc3ccc(Cl)cc3)c4ccccc24";0
"CHEMBL3221010";"ABPFXCIYLKVLDK-UHFFFAOYSA-N";"Cc1cccc(Nc2ccccc2C(=O)NCCCCCCCCCCCCNc3c4CCCCc4nc5ccccc35)c1C";0
"CHEMBL1760762";"ABPGHPHYGKUEIO-PAMMARIWSA-N";"CCOCCN(C[C@@H](O)CN1CCCC2(CCN(C2)c3ncnc4ccccc34)C1)S(=O)(=O)c5c(C)cccc5C";0
"CHEMBL2387690";"ABPGVHAQYOKGMS-UHFFFAOYSA-N";"Cc1c(CC(=O)O)c(nn1c2ccnc3ccccc23)c4ccccc4";0
"MLS000689951";"ABPITNTXXGOCET-UHFFFAOYSA-N";"CC(C)CN(CC(C)C)Cc1c(O)ccc2ccccc12";0
"CHEMBL381834";"ABPKHTIKJVSNLN-UHFFFAOYSA-N";"Cc1cc(ccc1c2cocn2)c3cc(nn3c4ccc(cn4)S(=O)(=O)C)C(F)(F)F";0
"CHEMBL572374";"ABPLIEJUZKFIIC-UHFFFAOYSA-N";"ONC(=O)CCCCCCC(=O)Nc1nc(cs1)c2ccc(cc2)N=[N+]=[N-]";0
"CHEMBL544720";"ABPNSOGFLXSOHW-DIRYEVLESA-N";"Cl.CNC(=O)c1ccc(\C=C\C(=O)NCC(=O)N(C)c2ccc(C)c(COc3cccc4c(cc(C)nc34)c5ccccc5)c2C)cc1";0
"CHEMBL559669";"ABPPDSVPLCWIMX-UHFFFAOYSA-N";"O=C(Nc1cccc(OCCCN2CCOCC2)c1)Nc3ccc4OCOc4c3";0
"CHEMBL565844";"ABPSWEJOHYDZDP-UHFFFAOYSA-N";"CC(NC(C)(C)C)C(=O)c1ccc(C)c(Cl)c1";0
"SCHEMBL2576880";"ABPWYKOHDNIBTQ-UHFFFAOYSA-N";"CCCOc1ccc(NS(=O)(=O)C)cc1C2=NC(=C(Br)C(=O)N2)C(C)C";0
"CHEMBL3109617";"ABPYDSKSJBXRHY-UHFFFAOYSA-N";"Cc1[nH]c2ccccc2c1C(Nc3ccc4cccnc4c3)c5ccccc5Cl";0
"CHEMBL2325826";"ABQFYXJUYWLWKC-UHFFFAOYSA-N";"FC(F)(F)c1cc(ccc1Oc2ccn(Cc3ccc(Cl)cc3)n2)S(=O)(=O)Nc4ncns4";0
"CHEMBL210956";"ABQGCWNEYZRYSY-UHFFFAOYSA-N";"COc1ccc2[nH]c(cc2c1)C(=O)c3cc4cc(C)ccc4[nH]3";0
"MLS000666451";"ABQIAURGKYAINF-UHFFFAOYSA-N";"CC(C)(C)c1ccc(cc1)c2nnc(S)n2CCCN3CCOCC3";0
"NSC306960";"ABQKYBVDVAXVNO-UHFFFAOYSA-N";"OC(=O)c1cnc2cc(OCc3ccccc3)ccc2c1O";0
"N,2-dimethyl-5-(3-methyl[1,2,4]triazolo[3,4-a]phthalazin-6-yl)benzenesulfonamide";"ABQMPFKFBYVSKA-UHFFFAOYSA-N";"CNS(=O)(=O)c1cc(ccc1C)c2nn3c(C)nnc3c4ccccc24";0
"CHEMBL2323101";"ABQQLMOPTHXKOU-UHFFFAOYSA-N";"Clc1ccc(Oc2ccc(cc2C#N)S(=O)(=O)Nc3cscn3)c(c1)c4cn[nH]c4";0
"CHEMBL2158563";"ABQRRZZEGCBSBT-UHFFFAOYSA-N";"CCN(CC)CCOc1cc(c(Cl)cc1Cl)c2nc(SCC(=O)NC)nc3[nH]cc(C#N)c23";0
"CHEMBL2386396";"ABQVAYHSMQNMOL-UHFFFAOYSA-N";"Oc1cccc2OC(=CC(=O)c12)c3ccc(cc3)C#N";0
"CHEMBL211327";"ABQZBBQXRQDXEI-UHFFFAOYSA-N";"Cc1cc(C)c2oc(Nc3ccc(cc3)c4nsc5ncnc(N)c45)nc2c1";0
"CHEMBL1162502";"ABRAIKMFZBEEHN-VMUPYFCGSA-N";"C[C@H]1CN=C2N(CCC34CC5CC(CC(C5)C3)C4)[C@H](CN12)C6CCCCC6";0
"CHEMBL1098430";"ABRBNROSGNKGSY-XOKHGSTOSA-N";"COc1ccc(cc1)C(=O)N[C@@H]2C[C@H](C)CC[C@H]2C(C)C";0
"CHEMBL31607";"ABRIKWKVYABQBU-IATRBJTHSA-N";"Oc1ccc(\C=C\C(=O)O[C@H]2CCCC[C@@H]2OC(=O)\C=C\c3ccc(O)c(O)c3)cc1O";0
"CHEMBL348709";"ABRIKWKVYABQBU-MKICQXMISA-N";"Oc1ccc(\C=C\C(=O)OC2CCCCC2OC(=O)\C=C\c3ccc(O)c(O)c3)cc1O";0
"CHEMBL149305";"ABRIKWKVYABQBU-OXAWKVHCSA-N";"Oc1ccc(\C=C/C(=O)OC2CCCCC2OC(=O)\C=C/c3ccc(O)c(O)c3)cc1O";0
"CHEMBL604891";"ABROVZYHTDQYCK-UHFFFAOYSA-N";"CC(C)Oc1ccc(cc1)C2=Cc3onc(c4ccccc4)c3C(=O)N2C";0
"CHEMBL594289";"ABRPDNMHYXMRIE-UHFFFAOYSA-N";"OC(CNC(=O)c1ccc(nn1)N2CCC3(CC2)CCc4ccccc4O3)c5ccccc5";0
"CHEMBL2407903";"ABRWDZBHBOWGSY-WCIBSUBMSA-N";"COc1cc(\C=C\2/C(=O)Nc3ccc(Br)cc23)cc(Cl)c1O";0
"CHEMBL372851";"ABRXERAODSGHDJ-UHFFFAOYSA-N";"Cn1c(nnc1C23CCC(CC2)(CC3)c4onc(n4)c5ccc(F)cc5F)c6ccccc6C(F)(F)F";0
"MLS000092917";"ABRYDOSFOASSTA-UHFFFAOYSA-N";"COc1ccc2[nH]c3C(=O)N(CCCCC(=O)NCCN4CCCC4)C(=S)Nc3c2c1";0
"CHEMBL1084327";"ABSBPDLMQGHOJQ-QLJPJBMISA-N";"OC(=O)CC(=O)N[C@H]1[C@@H](Cc2ccccc12)NC(=O)c3cc4sc(Cl)c(Cl)c4[nH]3";0
"CHEMBL273195";"ABSDATGZYRKKAQ-QGZVFWFLSA-N";"FC(F)(F)Oc1cccc(c1)C(=O)NCC(=O)N[C@@H]2CCN(Cc3ccc(Cl)cc3)C2";0
"CHEMBL382826";"ABSGSZGHJIFBCI-UHFFFAOYSA-N";"CN1CCCC(C1)C(=O)N2CCN(CC2)c3nccc(OCc4ccc(Cl)cc4Cl)n3";0
"CHEMBL1784706";"ABSGVZMTMIBNIK-UHFFFAOYSA-N";"Cc1cc(NCc2ccc(F)cc2)n3ncnc3n1";0
"CHEMBL488690";"ABSJDAAPHZEZFF-UHFFFAOYSA-N";"CCN(CC)CCN1CCCN(CC1)c2nc(Nc3ccc(Cl)cc3)c4cc(OC)c(OC)cc4n2";0
"CHEMBL2313295";"ABSJQRQXPUIGHS-BQYQJAHWSA-N";"CN1C(=O)N(C)c2cc(\C=C\c3cccc(c3)C(F)(F)F)n(C)c2C1=O";0
"MLS001177268";"ABSPCBSIRGQAKA-UHFFFAOYSA-N";"CC(NC(=O)COc1cccc(NC(=O)C)c1)c2ccc3ccccc3c2";0
"CHEMBL378879";"ABSRDOYMSUEBQQ-UHFFFAOYSA-N";"COc1ccc(CN(C(=O)C(C)C)c2ncc(s2)C(O)(C(F)(F)F)C(F)(F)F)cc1";0
"CHEMBL1831064";"ABSSHLAHTVFMGJ-UHFFFAOYSA-N";"CN1C(=O)N(C)c2c(C1=O)c(c3ccccc3)n4c2C(Oc5ccccc45)c6oc(Br)cc6";0
"CHEMBL1369440";"ABSWNJZQYFAMKN-BNYGDTNWSA-N";"CN[C@@H](C)C(=O)N[C@H](C1CCCCC1)C(=O)N2CCC[C@H]2C(=O)NNc3cccc(F)c3.OC=O";0
"CHEMBL1910389";"ABSYLAQLNZQXAB-UHFFFAOYSA-N";"CCN1Cc2ccc(cc2C1=O)N3CCN(CC3)C(=O)c4c5ccccc5cc6ccccc46";0
"CHEMBL2315889";"ABTAXWSUNAOHLO-UHFFFAOYSA-N";"CCOC(=O)C1=CN(Cc2ccc(OC)c(OC)c2)C=C(C1c3c[nH]c4ccccc34)C(=O)OCC";0
"CHEMBL2041039";"ABTGFTBYCBMENI-UHFFFAOYSA-N";"CCOC(=O)C1=C(NC2CCCCC2)C(=O)N(C1)c3ccc(cc3)[N+](=O)[O-]";0
"CHEMBL387853";"ABTHZNIDMGCYQA-UHFFFAOYSA-N";"Fc1ccc(cc1)N2CCN(CCCC(=O)Nc3ccc(Cl)cc3)CC2";0
"Sitagliptin Analog 13";"ABTMQWQGGARRSK-LLVKDONJSA-N";"N[C@@H](CC(=O)N1CCn2c(C1)nnc2C(F)(F)F)Cc3cc(F)ccc3F";0
